frame,time,sh_x,sh_y,el_x,el_y,wr_x,wr_y,hip_x,hip_y,opp_sh_x,opp_sh_y,opp_hip_x,opp_hip_y,hands_used,speed_px_s,nvp_marker
0,0.0,177.80883235774974,749.0777981973265,64.84619083704379,1059.1503237203713,391.0685636201293,1086.9821067424868,100.72801252814178,1245.156343763991,336.38058155663674,780.0489801550283,213.0757074668865,1205.8558981839894,1.0,119.66037659678969,0
1,0.01658227848101266,176.76219851393228,747.328535780934,64.64656525262288,1062.2745958299558,391.46528187731496,1084.8653191554974,109.08564532646326,1256.2873466916496,335.01422369334483,779.4331010038211,224.3341209384642,1209.549903740848,1.0,146.786984270597,0
2,0.03316455696202532,175.626538751064,745.5809133247487,64.5467333879689,1064.910405408848,392.9706541925408,1083.1032919077602,116.27802403829241,1265.290933089301,333.5402179713711,778.8862146978452,233.15066488508972,1212.698182583815,1.0,187.44598174945781,0
3,0.04974683544303798,174.44758244100427,743.8986767750713,64.59770879063919,1066.7167615108563,396.0870515053777,1081.6699117337776,121.57620959413816,1271.0408545586158,331.85964778653687,778.3406848140635,238.4206772589509,1214.903772495013,1.0,239.14379600351836,0
4,0.06632911392405064,173.3679133591405,742.3890931583218,64.77944819252131,1067.5681451694422,400.5303982706388,1080.195863847214,125.14081197482304,1273.611653458268,330.0338386996691,777.7100284968163,240.9069211953617,1215.917970105132,1.0,283.07031766325207,0
5,0.08291139240506329,172.48603367557413,741.1164957388354,65.0680436859196,1067.5198490918563,405.5153241051686,1078.3897525388297,128.12115239999616,1273.7462284336066,328.3913160311659,777.1528118531575,242.60806668857467,1215.6135903529557,1.0,300.1654562871784,0
6,0.09949367088607595,171.79655921219154,740.0297376053594,65.6548139801214,1066.7271374647855,410.2582381325754,1076.3840981599405,132.01705872688456,1272.2453216225942,327.3442096164007,777.1115530199075,245.36251066908125,1214.1185802439402,1.0,288.88218340890336,0
7,0.11607594936708861,171.25622504219226,738.9805444745871,67.20142032590341,1065.4083879878701,414.4186904372055,1074.613479355167,137.55095196649984,1269.8027462738303,327.0117759325769,777.9579208824618,249.64709192506314,1212.0142491511053,1.0,269.21093980091007,0
8,0.13265822784810127,170.86025592526622,737.8456912743511,70.75294939116449,1063.881889639325,418.2770396462494,1073.3285510215846,144.07602004505446,1267.2107888968847,327.018136430439,779.5538445992173,254.44357970101436,1210.279443414901,1.0,269.9295945415013,0
9,0.14924050632911393,170.62987496423602,736.6631213658147,77.01717688614737,1062.5763072617099,422.5508106805006,1072.2530001844032,150.33540723203004,1265.4260551625134,326.69038044683924,781.2202753722897,258.26884853940595,1209.8536372795386,1.0,309.3273099551221,0
10,0.16582278481012658,170.54351333928403,735.6428425907782,85.4196990960165,1061.9030288084875,427.95483600617257,1070.7573081046335,155.90804345796602,1265.1739047631738,325.5228432397765,782.2107685255024,260.49372778153753,1211.100098866963,1.0,383.3265825891583,0
11,0.18240506329113923,170.51454996541415,735.015097368795,93.99347979169956,1062.0588792080212,434.7975094039898,1068.3946344570884,161.57379032260346,1266.3938728479063,323.5470820926605,782.2426984638299,261.7778217653605,1213.5906776990028,1.0,468.1826891892808,0
12,0.1989873417721519,170.4518409859683,734.8446545042686,100.62404046032012,1062.9493422567032,442.8710960515558,1065.289125711604,167.976574881424,1268.123480844274,321.3129275551637,781.5938570449197,263.28246345162205,1216.3601654152676,1.0,534.5438920070982,0
13,0.21556962025316456,170.33782830662122,734.9748940837356,104.65252581361463,1064.2829041185557,451.64745632387024,1062.0340178391052,174.2836893132143,1269.0322585392298,319.4763961065453,780.7506730389874,265.53426934957406,1218.4162917574622,1.0,563.1735403416167,0
14,0.23215189873417721,170.2479682584553,735.137608482008,107.23587764677008,1065.702447896299,460.56088102908586,1059.2303611583168,178.71294353999298,1268.25699507279,318.3057202894567,780.0017617724031,268.0751346918255,1219.178011356719,1.0,553.2915328279246,0
15,0.24873417721518987,170.29716663377653,735.1301379627952,110.1883651593418,1066.8688801229391,469.17870952851746,1057.0845414970252,180.3193451617886,1265.9698405060062,317.5118108842754,779.3150600307013,270.0960695074764,1218.6514287619377,1.0,520.3062808092477,0
16,0.26531645569620255,170.55073824072437,734.9305773895605,114.63239276308698,1067.5577008886316,477.2689022424048,1055.3477734199673,179.87246386896308,1263.2458923367135,316.5512020979774,778.511249441975,271.262487974187,1217.3349930923366,1.0,486.0639997496281,0
17,0.28189873417721517,170.96032013982077,734.6731894106978,120.65871808095216,1067.7803208084147,484.85117800692666,1053.5526152991663,179.04759376124218,1261.2399864830766,315.1245038295322,777.514764136004,271.9546142202239,1215.9392888066823,1.0,467.915324436051,0
18,0.29848101265822785,171.37975496329915,734.4967293792164,127.82270340522308,1067.7851282094964,492.19651109455583,1051.330166714852,179.08708673886335,1260.2966104273505,313.42035763733503,776.467094369875,272.89223719638716,1215.039071069136,1.0,472.0462536867521,0
19,0.31506329113924053,171.6604656931892,734.3766525700566,135.61693223941302,1067.8470594153807,499.6970544083832,1048.631081347382,180.18122713114525,1259.781968703095,311.9221932258617,775.648833796536,274.611302623522,1214.8164956854384,1.0,493.21614336666,0
20,0.33164556962025316,171.7516418066037,734.0877129449367,143.58724456745057,1068.0071058289066,507.6553988344863,1045.753683813995,181.76829788687093,1258.761898762991,311.0081645172007,775.3131927987816,277.1633765629174,1215.054231267758,1.0,519.5549292071421,0
21,0.34822784810126584,171.71940426940145,733.3550600303627,151.36910349520045,1068.0263185610795,516.135394427274,1043.1428741687964,183.1981644304511,1256.8362680338025,310.70983282287995,775.5604512873998,280.1233782064826,1215.3840580483686,1.0,539.0511270593533,0
22,0.36481012658227846,171.66671634206637,732.0903880381009,158.82884905050872,1067.6150061058784,524.9592785150568,1041.0618519569648,184.11947771056177,1254.38993442819,310.77838781880524,776.3033269864734,282.83936422492604,1215.5784773412922,1.0,544.4012599609722,0
23,0.38139240506329114,171.6134961475073,730.5161228832487,166.1368446577045,1066.7076277897368,533.8141493509712,1039.409951041763,184.38362936290156,1252.167431730084,310.9187104178571,777.3090172610525,284.7687178899847,1215.6470550626677,1.0,534.5026182493633,0
24,0.3979746835443038,171.42903086196324,729.0539784992557,173.59921155260213,1065.4798876028317,542.3862080600479,1037.8825386050203,183.78830336992914,1250.6567679022899,310.9654721425104,778.30304695161,285.68261933323413,1215.7110244083508,1.0,512.8960793285112,0
25,0.41455696202531644,170.88615825251276,728.0524968717082,181.35305029747317,1064.0664072283148,550.479141687276,1036.3033513645837,182.0821969697658,1249.799227827376,310.9049764900931,779.1094161885443,285.63580050738614,1215.826335252625,1.0,484.83141438981926,0
26,0.4311392405063291,169.82657695739928,727.579154437857,189.18680448441066,1062.319209318513,558.0697283126292,1034.7563227908922,179.26547005778207,1249.165536772156,310.8039090353167,779.7385837758143,284.8270111122637,1215.9181677587994,1.0,454.8597160497793,0
27,0.44772151898734175,168.32013892835158,727.4449512790519,196.65485404317914,1059.9601913350327,565.2410377580081,1033.4018835623574,175.82586603260523,1248.3623597664396,310.7418342233529,780.3244872959978,283.5210590011194,1215.8538204469096,1.0,426.06116787556493,0
28,0.46430379746835443,166.67006237285273,727.4059203039003,203.41305772836958,1056.9795677594598,572.046169666808,1032.2396532818855,172.5936108293643,1247.320824460714,310.7813510249734,780.9469972297693,282.0384617201248,1215.5692093735208,1.0,400.71350527204385,0
29,0.4808860759493671,165.2379046033088,727.3377079142706,209.4769642116337,1053.7533891735268,578.465272532478,1031.102403654049,170.30784765640124,1246.2741173902027,310.9503367252944,781.5170855067009,280.7121493985852,1215.136285454974,1.0,381.20796689763876,0
30,0.49746835443037973,164.238597675144,727.2584122296929,215.14311857979715,1050.7051148679705,584.5151992762793,1029.8565055394697,169.27178797785888,1245.5057822108101,311.201557533847,781.8349996058968,279.7740388999667,1214.712628267476,1.0,370.02794874576955,0
31,0.5140506329113924,163.67898419350945,727.249573105994,220.6846255536522,1047.9617188010945,590.3717503872881,1028.552333977544,169.32709232021085,1245.1318128611763,311.35254059036953,781.7288723497987,279.2403004140036,1214.421461541236,1.0,368.6144411233652,0
32,0.5306329113924051,163.44731464643604,727.3804228258255,226.23109936484886,1045.4254175059673,596.332614558435,1027.369049689228,170.0455166536335,1245.1034016025744,311.07419521795873,781.1213076422924,278.8964752276372,1214.2797381481967,1.0,376.0927953568445,0
33,0.5472151898734178,163.42103220910704,727.6680312565667,231.99336013833832,1043.0579371543838,602.6262192196093,1026.4437745507144,170.9400940022854,1245.3589980510578,310.0208948871247,780.0128792845916,278.4286179518399,1214.239262102521,1.0,389.0952033416762,0
34,0.5637974683544303,163.5100889994982,728.0605266538194,238.44008658153078,1040.9225898222205,609.2613577339353,1025.7578873988132,171.66165781278605,1245.9048251954348,308.08906689396656,778.483907329605,277.64308900268134,1214.2812837504457,1.0,403.0261514369629,0
35,0.580379746835443,163.67668291335318,728.4692737186464,246.02846287617973,1038.984530590068,616.08016445066,1025.1547721249467,172.21958661911185,1246.7270222030313,305.6053740374548,776.7431458531529,276.6330001217501,1214.4436881636243,1.0,413.88913187546484,0
36,0.5969620253164557,163.97031791719127,728.8868788900861,254.78215257635094,1037.0617233921764,622.93495827794,1024.4500434126319,173.09814500222967,1247.6624993070063,303.2111820569513,775.1212227406935,275.7639268003153,1214.7171378139194,1.0,419.36814055141934,0
37,0.6135443037974684,164.51461826405563,729.5278112483186,264.33398214035475,1035.0623730055804,629.7753952479067,1023.5554074454592,175.0313880292365,1248.4024458556557,301.4703419883365,773.926982305044,275.4817471121942,1214.8755782862202,1.0,418.62718813175513,0
38,0.6301265822784811,165.38536665547278,730.823335355287,274.36043667907813,1033.1895520589815,636.5846402236905,1022.5527720935113,178.4396991137993,1248.6525063660315,300.5383273650361,773.2533839366661,276.0770535431843,1214.4276480731098,1.0,411.48926530918635,0
39,0.6467088607594936,166.47513196025142,733.1701242329974,284.675893196181,1031.8133017666196,643.2949410774818,1021.6707926674965,182.9321575603385,1248.3349837928422,300.18888905937206,772.9192344825748,277.54850403830864,1212.86207702791,1.0,398.1152951161049,0
40,0.6632911392405063,167.51128751052883,736.5738970866215,294.7739322841664,1031.125179752336,649.7878095252843,1021.1419539046055,187.36553109223962,1247.698692330836,300.11834585072035,772.6172210962112,279.62699853828417,1210.1048074200967,1.0,379.61182444895405,0
41,0.679873417721519,168.22119511177073,740.5083310690075,303.57608162708436,1030.9294236692303,655.9523684357476,1021.0140247527925,190.5222773541922,1247.2398678979375,300.19458733204596,772.130218816167,281.9416644513753,1206.778997938675,1.0,358.856224456098,0
42,0.6964556962025317,168.45233375169994,744.1737482949749,310.0361405389898,1030.7463283752725,661.7433501218198,1021.0794570209628,191.8907498572676,1247.4213509336125,300.4485385339361,771.4196965621957,284.21519033805555,1203.897043190851,1.0,340.3338735359256,0
43,0.7130379746835444,168.14313550993376,746.958058941945,314.09070038486783,1030.0928474571326,667.2190354650652,1021.0158799065072,191.90621169889383,1248.3479240534382,300.9012652950556,770.5458920632584,286.32110115025364,1202.1549769365154,1.0,328.43394576239075,0
44,0.7296202531645569,167.26714008414416,748.6959011342763,316.84138196609626,1028.7104401878787,672.5368556130281,1020.6351072816292,191.5046997199883,1249.6807208301082,301.45900115195246,769.5633831346644,288.1729469012137,1201.4928448202643,1.0,324.9629824592953,0
45,0.7462025316455696,165.89045795754717,749.5652607055782,319.68258399023415,1026.6345902589599,677.8789537067414,1020.0217010594364,191.4417973889399,1250.9170656788785,302.0033032998992,768.534416664016,289.6454095213368,1201.3556889869003,1.0,327.5307388802622,0
46,0.7627848101265823,164.27019356009268,749.8480453057285,323.29539638636794,1024.1232871050381,683.3376497021153,1019.4348812976626,191.9344363841191,1251.8000041888436,302.57726100888067,767.6219194966151,290.6944621722631,1201.32246904155,1.0,330.14377807343857,0
47,0.779367088607595,162.79951188620652,749.8194829690646,327.48511236858656,1021.495957554341,688.8444696535942,1019.072508247681,192.77270758682252,1252.485698452456,303.42697915581385,767.090904867392,291.5210314368687,1201.4156647261884,1.0,325.98441028813494,0
48,0.7959493670886076,161.76967463096406,749.7493391326371,331.79044827432375,1018.9655392153649,694.2000179615256,1018.924231087078,193.6224873526153,1253.3643469472981,304.7563397072761,767.136720143994,292.47028084280083,1201.878951265176,1.0,310.95543193651645,0
49,0.8125316455696202,161.17555807524573,749.852348090761,336.04458079636,1016.580005106954,699.1846056218167,1018.8298026004691,194.2167249594351,1254.7357639917027,306.3536226983164,767.669481827057,293.6641651594336,1202.8106699379641,1.0,286.0778306346132,0
50,0.8291139240506329,160.7925766696089,750.1828612376554,340.4001245647334,1014.3111300237679,703.6738870845195,1018.6466671256479,194.41093306052045,1256.5708106203513,307.4820845454816,768.2685333874622,294.77056083069715,1204.0364552922927,1.0,257.426945043627,0
51,0.8456962025316456,160.45608088426508,750.6183939943762,345.05336848504817,1012.1637599111863,707.69418739267,1018.3628186714445,194.23505679745958,1258.4795284099625,307.29101329887914,768.3914092734386,295.25388417983714,1205.2136347011578,1.0,233.505086386402,0
52,0.8622784810126582,160.23252467575807,750.9799708894247,350.0722257839288,1010.1553201444912,711.4023058091416,1018.0910252290643,193.93654508594852,1259.9151326955152,305.51574148430734,767.7138880116244,294.92261161322745,1205.982443189679,1.0,221.1641990715395,0
53,0.8788607594936709,160.29466408692926,751.1664533361615,355.3744964037776,1008.2104886192936,715.0108962430176,1017.9819742348691,193.85088840475305,1260.5111194176936,302.8478503634155,766.3610960194296,294.20309751682606,1206.0943593432437,1.0,221.98284224891654,0
54,0.8954430379746835,160.65920852436264,751.181910720172,360.7015208435884,1006.1633390515501,718.7025378055321,1018.1191564904433,194.06785968025184,1260.317892524297,300.5433087031925,764.8426075539252,293.8082329368975,1205.5321197666406,1.0,231.06205170797446,0
55,0.9120253164556962,161.10197382914032,751.0717779837336,365.62810777270386,1003.9227874591644,722.5718698351392,1018.456005721399,194.18745140433617,1259.7469735588302,299.5070003298065,763.712810449308,294.0939486325912,1204.5554876357594,1.0,239.28375122129492,0
56,0.9286075949367089,161.36375379517577,750.8681173557787,369.77858661303765,1001.6150886192112,726.5886269394456,1018.8358012656768,193.53306981680618,1259.2501275549578,299.59495508299904,763.2059885544836,294.73490889116437,1203.5572007305934,1.0,238.26576348611349,0
57,0.9451898734177215,161.4470794403437,750.6097085006683,373.16355876824457,999.5160024552264,730.5751087450742,1019.0822820701617,191.76055827760496,1258.998488237615,299.70347262243956,763.1298145981366,295.0342875794554,1202.785468913534,1.0,225.3823819352204,0
58,0.9617721518987342,161.705254297417,750.4096580686487,376.28806512818625,997.8344572030584,734.2667802478572,1019.1077791674575,189.27950810254757,1258.882139787949,298.56512683669166,763.0815453627125,294.54115434525994,1202.2116786624179,1.0,205.65419012910058,0
59,0.9783544303797468,162.60601219992506,750.4718419876806,379.84141808077754,996.5773775407216,737.4985623907565,1018.9786441034041,186.9940278198319,1258.8509285839084,295.6491719117104,762.7838260917661,293.3770890867186,1201.7099392482246,1.0,188.88864437537057,0
60,0.9949367088607595,164.34626752538597,750.9798212665773,384.18246835719833,995.6086942504778,740.3840693686793,1018.8855561753694,185.58875469123984,1259.1634203673796,291.5319302171018,762.2652833926401,292.03680252897647,1201.3108539801765,1.0,183.51488788355198,0
61,1.0115189873417723,166.66749348150674,751.9183923969284,389.03419773869064,994.7908372194994,743.2813910289426,1019.0158870081202,185.07871809612067,1260.1330377866748,287.5057048651006,761.7722633956397,290.95655785566356,1201.171018408327,1.0,191.06096400015952,0
62,1.0281012658227848,169.08215039265386,753.0113394630341,393.64008597919576,994.0446191339801,746.5261105969124,1019.4197510885353,185.00996578874404,1261.6158140402567,284.7430667667704,761.5309702510577,290.2659155335285,1201.3051317482648,1.0,205.13217159317384,0
63,1.0446835443037974,171.32197929770453,753.8850441484071,397.2546378588391,993.306367146569,750.161267642531,1019.9932155764892,184.99886166411372,1262.9266036320146,283.64540904083793,761.5795526477759,289.85081056265324,1201.4863665196683,1.0,215.7523893255061,0
64,1.0612658227848102,173.5549012786866,754.3351477769575,399.56050225240176,992.4906075812468,753.9126565066475,1020.5963261309229,185.0486700418399,1263.3977414782614,283.8059361117827,761.7837553098336,289.56743441838637,1201.4900227889304,1.0,216.05219970876587,0
65,1.0778481012658228,176.13131596306624,754.4554049839719,400.7362408599236,991.5338651462773,757.42635909907,1021.1824773516244,185.42730818665027,1262.99553150033,284.46845248794864,761.9691457275951,289.3979511465851,1201.3718835636375,1.0,206.53563981968327,0
66,1.0944303797468355,179.11449983233433,754.5269909140216,401.30713636888566,990.46781631112,760.5535628923317,1021.8055756287577,186.33253867945,1262.3306440545389,285.01118785821444,762.0342174927237,289.44227988117404,1201.4225166851495,1.0,194.00857022352574,0
67,1.1110126582278481,182.07951496693866,754.7887985337335,402.03840202606625,989.4189296255083,763.4446434858017,1022.5049412475365,187.68414963166921,1262.0759584616117,285.1398585465815,761.9804583841084,289.7507746062006,1201.8556491520358,1.0,186.2557835491956,0
68,1.1275949367088607,184.3827014429634,755.2797102509672,403.81064778772475,988.5176080983156,766.3892535608533,1023.1972005941388,189.17200450986547,1262.3951613521197,284.8405128522758,761.8882454723172,290.0999815219269,1202.6035338883146,1.0,186.53600294488172,0
69,1.1441772151898735,185.6283167777077,755.8432045302183,407.233023992171,987.8074205232869,769.5589212463447,1023.7043557539293,190.42579866374825,1262.9157180617792,284.2673110061711,761.8859295788676,289.89304224827237,1203.4510551091987,1.0,191.74146040473,0
70,1.160759493670886,185.91150638980864,756.2583501176581,412.12721329934163,987.2419820333853,772.8866323340592,1023.9137265454427,191.11408115112536,1263.2218420646425,283.60324306000757,762.1170893910682,288.34594737890075,1204.3468153699346,1.0,195.12049288892692,0
71,1.1773417721518988,185.7069198530645,756.4066852571677,417.4297140097052,986.7588200774704,776.1667175542655,1023.9114517397193,190.96929865248964,1263.343932495266,282.8757281677614,762.6811349282019,284.9537199009203,1205.5007614770698,1.0,191.22445588801423,0
72,1.1939240506329114,185.58855569535424,756.3872831811443,421.79259686733326,986.3469166033154,779.2334526077802,1023.9335265636043,189.91951331462408,1263.726341245359,281.8632365846634,763.5528833149953,280.00131429995974,1207.05588136152,1.0,179.51688319433438,0
73,1.210506329113924,185.98278690920668,756.519366327364,424.4793244582659,986.0474947565473,782.0371696464275,1024.172363699716,188.3649269416258,1264.688091158264,280.2747157799383,764.547261957593,274.7360999759546,1208.6098760013924,1.0,164.42961898234114,0
74,1.2270886075949368,187.01937415201863,757.215326344926,425.8753598686703,985.8988259862563,784.6049502222583,1024.637198046178,187.26607152035118,1265.9498433996603,278.0984523703709,765.4012041373201,270.90051498700143,1209.1915462064358,1.0,152.27312372467796,0
75,1.2436708860759493,188.49870836498428,758.7590503156249,427.25285427620963,985.8719777856708,787.0039043337035,1025.1931734633615,187.682944958444,1266.7539865571837,275.754826694243,765.9487564005606,269.74785604742993,1207.948743075175,1.0,147.3466250150989,0
76,1.2602531645569621,190.01056475107694,761.0864008161097,429.9481025511021,985.8376915857531,789.3542112459422,1025.7062748947578,189.98109464747267,1266.456799628143,273.8620936747578,766.2446145682624,271.2165806408192,1204.9666753468082,1.0,149.69813191704617,0
77,1.2768354430379747,191.18565848171198,763.7245035647924,434.51058429858836,985.6002287049278,791.8075801806085,1026.1371971989472,193.45237239397977,1264.9827563772908,272.8176686683924,766.5005625621591,273.98526447458204,1201.3092399896434,1.0,155.55954963142426,0
78,1.2934177215189873,191.94184606402402,766.010030540356,440.42744720472274,985.0166721643288,794.4396534309353,1026.516828297272,196.7993057455274,1262.7528396528076,272.52841673796945,766.8707553255869,276.40359108294217,1198.1366914985288,1.0,159.7354523255472,0
79,1.31,192.5297799260639,767.4951680791744,446.57544153821135,984.1382282682919,797.1586780261385,1026.86935671805,199.06251267389547,1260.2675365012165,272.4669542527273,767.2795978347855,277.5261099591093,1195.7690987540184,1.0,158.24513301382478,0
80,1.3265822784810126,193.29702597011124,768.2206943523463,451.94236288622295,983.2249477549587,799.7571447088549,1027.1799041156328,200.15548459044638,1257.7695347913016,272.0474320563031,767.4562489144903,277.51824928445865,1193.6097164219452,1.0,149.71529817253966,0
81,1.3431645569620254,194.33848102501508,768.5927519160513,456.0171690784688,982.5492872976341,802.0692309652452,1027.4191500428049,200.64619339404226,1255.207889490406,271.145766992968,767.1566827691603,277.36677974331036,1190.9128151944903,1.0,135.11694660716668,0
82,1.359746835443038,195.36474175569157,768.9686288053315,458.70363065554477,982.1242038506018,804.0686388524523,1027.5652304998182,201.1731571065278,1252.423399003192,270.3900306899714,766.385777283677,278.2743012318454,1187.5722272849805,1.0,116.64942961739172,0
83,1.3763291139240506,195.97427442870173,769.3537620092192,460.1159763031512,981.6362553924085,805.8169672306115,1027.5981202370426,202.094340560204,1249.354439415003,270.8326617314341,765.4157121446499,281.0521134261031,1184.199787950394,1.0,96.97672989005278,0
84,1.3929113924050633,196.11954926145813,769.4920968247559,460.60694502838385,980.7137753977967,807.3479708258719,1027.5082348906876,203.53509611846,1246.1338520481586,273.06875534951035,764.5681593550701,285.66374366337953,1181.5260528819715,1.0,79.24930486266906,0
85,1.409493670886076,196.29126668021138,769.2205984686896,460.9115617911825,979.312115314608,808.635764570679,1027.338427799306,205.52111251749528,1243.0605035500703,276.53878308466324,763.9604858544469,291.12873912439545,1179.7838478176463,1.0,67.11235675466214,0
86,1.4260759493670887,197.15270449274445,768.7022585113943,461.9646469517967,977.8241183690138,809.6840944354641,1027.2020636963996,207.91845103009857,1240.4588857917445,279.8203016250559,763.4637380873862,296.0037946640055,1178.6332988717022,1.0,63.56688165564369,0
87,1.4426582278481013,198.91843005184393,768.3061870437522,464.26920671340764,976.766662060816,810.6250318883064,1027.2237919963009,210.32483147275912,1238.4561238250708,281.7857389166786,762.8953272868059,299.2655667602505,1177.5490508946546,1.0,68.76095759625925,0
88,1.4592405063291138,201.10250496887056,768.2787742881505,467.3662537175057,976.331042931587,811.6899592616347,1027.4447675259066,212.2198306746671,1236.831502211917,282.50509562393347,762.2236730346339,300.9194293408046,1176.1931121050186,1.0,78.49844029468757,0
89,1.4758227848101266,202.9195134871254,768.5462469955697,470.06849209164136,976.2313823989778,813.0392714074537,1027.7881628026475,213.33314470316404,1235.1598504518013,282.9666254459101,761.5843188778277,301.7648206444328,1174.5082221453877,1.0,85.48764794769319,0
90,1.4924050632911392,203.93380197869132,768.822698136452,471.3531472309778,975.9778437818981,814.5942335363718,1028.1204387520652,213.84877295778082,1233.2187620642376,283.9505463944106,761.1363606198623,302.5619877922085,1172.6339009701571,1.0,83.33841436778879,0
91,1.508987341772152,204.31766278653814,768.8797975832248,471.0787044607732,975.2943874873871,816.0479393603433,1028.3483938432576,214.22500384232043,1231.285635674861,285.26764050519927,760.9324163471142,303.47098923708586,1170.8026633750624,1.0,70.66789093669927,0
92,1.5255696202531646,204.55090533726968,768.7109873028339,469.9232803599399,974.30817136518,817.0839224101917,1028.4708785915707,214.82260768142186,1230.0086481330595,286.0874435821112,760.9093684009986,304.25640259049584,1169.2538712653197,1.0,52.03290245147813,0
93,1.5421518987341771,204.9588222509873,768.4783014301523,468.7648763793534,973.3910252850321,817.624093788173,1028.560613529359,215.67415773496262,1229.9669986170984,285.86888610091387,760.9643568652234,304.8297147665105,1168.186092639176,1.0,34.734394773558975,0
94,1.55873417721519,205.5254552002757,768.3453216786451,468.1279700389409,972.8448261719866,817.8739078670299,1028.7057761951273,216.53914411679597,1231.3022147044658,284.87066698072505,761.0240979011587,305.412494558696,1167.7810611828954,1.0,23.940770649032203,0
95,1.5753164556962025,206.0416778126424,768.3621784211101,468.0483697296209,972.7120917135511,818.1156398395393,1028.9514071577892,217.14815705190094,1233.6553620572943,283.8324486943693,761.0622991222689,306.2172327248973,1168.2276739665854,1.0,19.94087055319879,0
96,1.5918987341772153,206.35002803953878,768.4744608074009,468.26956670703794,972.8250051559777,818.4520718935556,1029.272054036639,217.42085654511607,1236.365418214326,283.3109914496255,761.081912679807,307.1488217498046,1169.605967230915,1.0,19.343496376747677,0
97,1.6084810126582278,206.4620388937327,768.6065588999815,468.5086228026587,972.9833053193155,818.75017254436,1029.5931138062115,217.49111969461353,1238.7602294866613,283.34337491345013,761.0938425559141,307.8960818474092,1171.6649682130965,1.0,18.599945613177397,0
98,1.6250632911392404,206.5091375773232,768.728004651378,468.62149570384116,973.084835929829,818.8194881281792,1029.848335274215,217.55035215883157,1240.399392795709,283.608138078249,761.1050310135788,308.2433588820506,1173.7714497478105,1.0,16.639624618006287,0
99,1.6416455696202532,206.62442544879687,768.8568745333076,468.6473236084887,973.1331517978921,818.626419578808,1030.0314020413248,217.66963249746917,1241.1898696625674,283.77712317992825,761.1146170952605,308.2260335402719,1175.2199211077989,1.0,14.895732041450715,0
100,1.6582278481012658,206.85647007877563,769.019676312968,468.76025888304054,973.1701591873507,818.3391774562289,1030.2032513042045,217.74862439722617,1241.3429145101957,283.7294821297513,761.1162037136597,308.02425894665043,1175.6846716435525,1.0,15.554592242810207,0
101,1.6748101265822786,207.14765989732106,769.2122836932932,469.12650096584895,973.2172212338935,818.1835733647018,1030.4532864465511,217.6097092760452,1241.2041818433777,283.55564836577844,761.1050325114898,307.78735524712454,1175.3870670289089,1.0,19.877293783956393,0
102,1.6913924050632911,207.3588530463867,769.3901712729996,469.68697571080645,973.2642042609098,818.2501471188154,1030.8484457375453,217.14287881714117,1241.0625213677292,283.45597150930945,761.0861007577755,307.57444539643143,1174.8428409852083,1.0,27.572669531901777,0
103,1.7079746835443037,207.31829010662676,769.4896093330348,470.00278034978123,973.2916572597471,818.4091254621767,1031.405253233741,216.38454456932578,1241.0456296264806,283.6299123359339,761.0774809535424,307.4027572626088,1174.4676989951513,1.0,36.99607298714393,0
104,1.7245569620253165,206.88687098308858,769.4641694377837,469.36733219406796,973.29292837016,818.3997206132352,1032.087310448301,215.48179308022597,1241.1222572703089,284.1835768507516,761.105051111865,307.28921635727,1174.3809960181675,1.0,45.62144674710312,0
105,1.741139240506329,206.02938264209172,769.3143764174314,467.24086450235234,973.2784362343274,818.0354481096882,1032.8138460866348,214.5943477463549,1241.1543347305574,285.0690410516678,761.1895230464398,307.2332005121836,1174.4858214611575,1.0,50.68537598671793,0
106,1.7577215189873419,204.85901140695063,769.0908925045042,463.74238121958774,973.2661904438849,817.368191802118,1033.4868253172538,213.826603937421,1240.9513578246406,286.0915021825521,761.3324483938662,307.1883739895128,1174.6561915739014,1.0,50.253610464736575,0
107,1.7743037974683544,203.6112288238821,768.8659442335206,459.750359830892,973.2709355033886,816.6600012348392,1034.0431192880321,213.2278545194255,1240.3206542174541,287.00652739269367,761.5110167855223,307.08186283006023,1174.8285789197946,1.0,44.53393914803479,0
108,1.790886075949367,202.53930461672783,768.6922082176501,456.4291871779722,973.2991832348882,816.1643928218684,1034.489476626749,212.82363016754533,1239.1188759053339,287.656213209067,761.6865504827749,306.8681591834623,1174.940465253205,1.0,36.44428530673859,0
109,1.8074683544303798,201.7944777246855,768.5827646744086,454.5544229742385,973.349884596418,815.9093623715377,1034.8734534229516,212.62870541795274,1237.3182912590012,288.02922808172906,761.8214351164808,306.5475332385063,1174.8369665848832,1.0,30.45487722754822,0
110,1.8240506329113924,201.37973208756196,768.5267500780427,454.2141524700672,973.4186278909152,815.6902393807027,1035.2229064844464,212.63422720045787,1235.106986951956,288.1818525734091,761.895242048562,306.1087187335133,1174.3217976667454,1.0,30.02162982714625,0
111,1.8406329113924051,201.1966628883164,768.5173893089559,455.0136095600135,973.5063771368268,815.2714360310204,1035.533166773449,212.7919168724085,1232.963149671145,288.113415658808,761.9152005744079,305.45840677764807,1173.3824199929377,1.0,35.354413774953244,0
112,1.8572151898734177,201.11719064848623,768.5583172113065,456.38914604287754,973.6339795227846,814.5898669907839,1035.8114966951753,213.01345519474714,1231.5433977455154,287.7635118555947,761.9184298791738,304.45714309267197,1172.3867029197106,1.0,43.26683185112148,0
113,1.8737974683544303,201.02022282749124,768.6455585672484,457.7227382448551,973.8544295781818,813.7751082934202,1036.1035979760845,213.19110210130313,1231.3462462751072,287.1533557509386,761.9606431993464,303.0785698933519,1171.9961980139185,1.0,49.27690249877961,0
114,1.890379746835443,200.8121611814763,768.7544727785121,458.4045229278875,974.2430408567369,813.0017963351123,1036.4540724918822,213.23703286811087,1232.4108062443897,286.4861140879726,762.0889433587547,301.52872138238513,1172.7805590269925,1.0,50.38264898772985,0
115,1.9069620253164556,200.4672602366627,768.8515841563543,458.0753301151761,974.8516490044575,812.3432364601421,1036.8479114498687,213.1202804288534,1234.3425625110478,286.04272313920995,762.3096426661708,300.15555609807393,1174.8133133352342,1.0,46.53700146704223,0
116,1.9235443037974684,200.0559875532559,768.9165182678498,456.9000502621937,975.6473021052251,811.7600717642682,1037.2031814655984,212.86933663543698,1236.595098410182,285.96256636469775,762.5737551297862,299.21005523954807,1177.5656066897434,1.0,40.00582129976258,0
117,1.940126582278481,199.70408783922537,768.9482959064809,455.513914173689,976.4915110193583,811.1972409429726,1037.418161465855,212.53448041072005,1238.6946159417525,286.1471081472696,762.7961827755487,298.6983645231202,1180.1742354767403,1.0,33.42402379766116,0
118,1.9567088607594936,199.50282567209854,768.9542245016444,454.5944948323143,977.2015768357239,810.661922150586,1037.4292737814635,212.14482506268985,1240.2992535856824,286.3755577393613,762.8998142630765,298.4495312473214,1181.8903046899661,1.0,28.181744869343657,0
119,1.9732911392405064,199.4555694189478,768.94001276237,454.4204870226749,977.660802985168,810.2091872591684,1037.2507281218468,211.7037210586733,1241.2331386888095,286.4937811952596,762.8554037828188,298.28936720407205,1182.4172528711047,1.0,24.256311722694818,0
120,1.989873417721519,199.49680771643082,768.9105114891962,454.7746723442791,977.8834439610304,809.8746157478921,1036.981085733442,211.22913592269668,1241.545802933279,286.5058345648926,762.6920750711482,298.1526902890284,1181.950850062266,1.0,21.246490027082995,0
121,2.0064556962025315,199.53475942209536,768.8730371293954,455.1990524525546,977.9764177924844,809.6301261027811,1036.7597914904827,210.79000611138184,1241.4807454297152,286.5314752454334,762.4750614734568,298.0814508449499,1180.953089781587,1.0,19.33440767630711,0
122,2.0230379746835445,199.4685352220326,768.8356857271405,455.3340717252815,978.042514081964,809.3954446721699,1036.6837708236837,210.47466287627125,1241.3166698935997,286.69978363733594,762.2671384580005,298.1550248286058,1179.8604478068262,1.0,19.16297670206035,0
123,2.039620253164557,199.1941024338662,768.8035796487891,455.09131338077225,978.1183796035438,809.0893736546875,1036.742082775044,210.29642402341133,1241.213167457148,287.05619256044156,762.0977259673524,298.41210063344033,1178.9092369892753,1.0,20.884507063069695,0
124,2.0562025316455697,198.63214758775516,768.778196464041,454.60351755061004,978.1868088941821,808.6851638942134,1036.8274431163652,210.13184055427638,1241.183047608242,287.5284591004565,761.9576644627895,298.8081215852475,1178.121793851738,1.0,23.5064042259043,0
125,2.0727848101265822,197.76367481390304,768.7596078732126,454.0605702591922,978.2253566228837,808.2315570640383,1036.8189428857493,209.7779024899774,1241.173120736722,287.9695034036194,761.820718000634,299.23344200055385,1177.4069905017823,1.0,25.241691092782222,0
126,2.089367088607595,196.63194690802436,768.7485857350589,453.58095840415535,978.2360240900987,807.8192128178733,1036.6683877407638,209.0972216332786,1241.1530008254476,288.25336103294063,761.6739074905508,299.5784273166285,1176.7109311043541,1.0,24.532239864174723,0
127,2.105949367088608,195.31133541083807,768.7466941823764,453.1938726842631,978.2385963130117,807.5140491370968,1036.42639653377,208.12230890951733,1241.1416660572258,288.3535551121308,761.5325950352876,299.79358333219915,1176.1273193612085,1.0,20.93515293931599,0
128,2.1225316455696204,193.88896697751642,768.7542878146219,452.8895753879685,978.2480272920108,807.3131033603506,1036.1983033574213,207.02464130944875,1241.1747341926682,288.34013642890045,761.4303278301832,299.89838139946175,1175.8699235185916,1.0,15.36844265166755,0
129,2.139113924050633,192.4787172912944,768.7682290580722,452.6498875710926,978.262378668268,807.1652500253572,1036.0686616107296,205.99374713402275,1241.2617887720178,288.3037788870553,761.3951502769206,299.9398553105118,1176.11080133501,1.0,9.690381023629143,0
130,2.1556962025316455,191.22382769186055,768.7825501723022,452.4373355072668,978.2698894824597,807.034779853539,1036.0460191562145,205.15411055597093,1241.378103791254,288.280492235357,761.4321544797725,299.94627381515045,1176.8305479273777,1.0,5.841163139567083,0
131,2.172278481012658,190.24428890265,768.7928219843004,452.19580689638667,978.2642251447323,806.9330545196312,1036.061219671638,204.56791756170085,1241.4912556333945,288.24485206505705,761.5220717162548,299.92360494686494,1177.8230538757548,1.0,4.897306807523908,0
132,2.188860759493671,189.56404728550748,768.7994468346809,451.8924480428795,978.2514431962475,806.8828821307712,1036.020104829282,204.25759021781946,1241.5828185488597,288.17491746285395,761.6322135739473,299.9022153063614,1178.8238808698445,1.0,6.489404823189862,0
133,2.2054430379746837,189.10062610513887,768.8046495281704,451.5544195379913,978.2419960606669,806.8732102607011,1035.8757809584095,204.2052096964443,1241.6360764714561,288.12556238323646,761.7317818088594,299.98903406736036,1179.6117108801243,1.0,8.98283176633767,0
134,2.2220253164556962,188.738323066843,768.8057749979123,451.2418993071723,978.2356620143535,806.8697386557237,1035.663140322159,204.36926019616715,1241.6151751562968,288.2301881793653,761.8060700358103,300.3552169132207,1180.0221968905248,1.0,10.44385484912689,0
135,2.238607594936709,188.41564626110744,768.7935550297892,450.968661746792,978.214540246243,806.8571216679734,1035.4630851291545,204.7312292787391,1241.4845292907696,288.6053243439256,761.8637599393597,301.1261981170028,1179.9572463569418,1.0,9.831118173139028,0
136,2.2551898734177214,188.14951165010064,768.7589226165957,450.6412092019388,978.1541143712341,806.8454238583843,1035.3319055123975,205.3015682633864,1241.2632190287507,289.22983691591213,761.9297239119039,302.24129503430896,1179.447165528874,1.0,7.560875364067835,0
137,2.2717721518987344,187.98444584954973,768.7017693897409,450.0774140794687,978.047596918932,806.8378208942868,1035.267173590182,206.0520532248985,1241.0425386605632,289.92069470760373,762.0237398586358,303.4275021873673,1178.6850008768424,1.0,5.007336016139972,0
138,2.288354430379747,187.9214778734048,768.6328673493564,449.12361435767696,977.923944961616,806.8160412793382,1035.2351687891266,206.8712589005565,1240.916833398813,290.451515294481,762.140326962983,304.364147372174,1177.9310620693363,1.0,3.368074068168002,0
139,2.3049367088607595,187.90145646667287,768.5683789805054,447.84247457656915,977.8393171113223,806.7653474055696,1035.2157012739458,207.6539483370602,1240.880049681678,290.7149856274089,762.2466301240514,304.9275511313907,1177.3286120733208,1.0,2.851553779486915,0
140,2.321518987341772,187.86881550989176,768.5239096304399,446.6567532215465,977.8407248458948,806.6983887729687,1035.213980179793,208.46712177230702,1240.8008910317017,290.781852734277,762.2993534086082,305.3055875456393,1176.7984550105732,1.0,2.8045831982047638,0
141,2.3381012658227847,187.85087197339533,768.5117943204639,446.2513855911491,977.9240684628083,806.6450063636286,1035.2385828030103,209.58700053456388,1240.5242595383081,290.81953449038764,762.2688862648336,305.8866580418025,1176.1375208026186,1.0,2.535105876226592,0
142,2.3546835443037977,187.95028289091658,768.535836191526,447.13792132479983,978.0162171092156,806.627819618762,1035.2794401572294,211.29154595717156,1240.0169503304953,290.9666589673386,762.1606135366243,307.01998196995254,1175.2683384299198,1.0,2.056255696881379,0
143,2.3712658227848102,188.2264730336763,768.5775544874941,449.1145018306122,978.0000617140049,806.6537193702469,1035.3123054805235,213.55798096926148,1239.4222739904426,291.27082985465955,762.0270226549029,308.81955915251154,1174.4325551556497,1.0,2.198462180363718,0
144,2.387848101265823,188.5670446008833,768.5833100936284,451.10503784704946,977.7805327870656,806.7167272328653,1035.3292459397865,215.9583710900905,1238.9764235009081,291.7101720955858,761.9609976419107,311.12531050691354,1174.1367218303124,1.0,4.090539411642809,0
145,2.4044303797468354,188.69256476052576,768.4746796517013,451.67081684821693,977.3593779603086,806.7943967156853,1035.367313565989,217.8915073674218,1238.8719020596618,292.24788703136943,762.0613289809664,313.6230632649121,1174.8494777262877,1.0,8.3327707191761,0
146,2.421012658227848,188.34006813937577,768.189686104208,449.9247375525985,976.8602092075575,806.8444775494287,1035.4979867651277,218.98104735329673,1239.1758239070493,292.85824526298535,762.3764769573087,316.01341795909815,1176.6634760526235,1.0,14.27949754947362,0
147,2.437594936708861,187.4981098860754,767.7260179769199,446.16069449667606,976.4636489221333,806.8220247300471,1035.77132328783,219.31000722753024,1239.8194752028978,293.49439094125944,762.8569915962178,318.09078310614296,1179.1817998715076,1.0,19.928334818286412,0
148,2.4541772151898735,186.4785632696288,767.1451808117957,441.6844147206885,976.288235414323,806.7108538067539,1036.1597265725766,219.30439143947012,1240.6202396314306,294.02805475557466,763.3591847480454,319.7128319841957,1181.7184629380665,1.0,22.7577388972846,0
149,2.470759493670886,185.73263636087165,766.5352786039158,437.9814586873511,976.315775592964,806.5363200623608,1036.5570200338027,219.38712599781505,1241.3398257781334,294.239107864379,763.7160290504571,320.7743546367098,1183.6685100632749,1.0,21.20409722664769,0
150,2.4873417721518987,185.55983990354423,765.9731233632732,435.88584377431187,976.4261527436106,806.3470270523902,1036.8415476658643,219.70438130633556,1241.8024051262043,293.90171022179777,763.8323138863001,321.25613475569133,1184.798420467374,1.0,15.77227660624095,0
151,2.5039240506329112,185.95232054849333,765.5138113138504,435.3361266282354,976.5018119542813,806.1920596747092,1036.955544089224,220.12411599630923,1242.0129964940122,292.9182460175612,763.7295514866871,321.2744938770787,1185.2839552965008,1.0,8.849948452661227,0
152,2.5205063291139242,186.65495762948927,765.1928415280152,435.7449388512349,976.5029559343599,806.1116742621451,1036.939773195927,220.44744425082172,1242.1528116443735,291.40521887017564,763.5084691914356,321.04091070393787,1185.5028170835978,1.0,3.280437948863378,0
153,2.537088607594937,187.31748453217492,765.0198646079839,436.531835347625,976.4603103453261,806.1226839503996,1036.896391646078,220.61160769550023,1242.419482355884,289.6821299324588,763.2704618074544,320.76025074971045,1185.7516021581719,1.0,0.772657777113893,0
154,2.5536708860759494,187.60712253929347,764.9716348103133,437.3879707310946,976.4184481355147,806.190448729545,1036.90577007901,220.72346568644392,1242.8472288909643,288.170103116976,763.0636939260099,320.55960213112013,1186.0888192588486,1.0,1.2893309750239998,0
155,2.570253164556962,187.28562027967783,765.0015171554855,438.2210867732571,976.3946916901116,806.2270767991555,1036.96712281903,220.94274995997012,1243.2853354066808,287.2234209279571,762.8826176097488,320.4818148065987,1186.3886067081405,1.0,3.63824519662248,0
156,2.5868354430379745,186.3067244860155,765.0635280185937,439.01310409805626,976.381258492768,806.1522019554488,1037.0244225583867,221.34682502012433,1243.5632993176164,286.9504005998504,762.7028341273176,320.51053678133457,1186.523717198215,1.0,6.563453857138285,0
157,2.6034177215189875,184.89317754849034,765.1317877823614,439.766119274426,976.3684089279043,805.9742939836748,1037.0493583600148,221.88132956176344,1243.6753909161175,287.1306428942899,762.5142375860688,320.5955059087375,1186.5109246619809,1.0,9.469933257113398,0
