frame,time,sh_x,sh_y,el_x,el_y,wr_x,wr_y,hip_x,hip_y,opp_sh_x,opp_sh_y,hands_used,wrist_forward_px,shoulder_elevation_px,mid_shoulder_x,trunk_x_displacement_px,shoulder_elevation_cm,trunk_x_displacement_cm,wrist_forward_cm,elbow_flexion_angle
0,0.0,177.80566056196452,749.0753350550914,64.80147642360699,1059.1488497768676,391.0024044635831,1086.997575146058,100.71354728854463,1245.1877884798294,336.3798129558563,780.0479507446289,1.0,-13.417654158432981,-6.806975831583486,257.0927367589104,5.207781191909987,-1.7368830618918552,1.3288290080740968,-3.4236784167755316,74.85575030110013
1,0.01658227848101266,176.62796011370395,747.3486428418466,64.32480776160232,1062.0736908873873,392.8284962100255,1085.0969982449667,107.51240885633693,1254.6736133052227,333.68602752685547,778.908519744873,1.0,-11.591562411990594,-5.08028361833874,255.1569938202797,3.272038253279277,-1.2962964442091394,0.8349005432947063,-2.957728793575757,74.37114651176049
2,0.03316455696202532,175.48074201584717,745.6662723295879,63.870386866235776,1064.5974569057087,394.95019294939823,1083.2502412488213,113.89845344948637,1262.9286877527993,333.44186067581177,778.472728729248,1.0,-9.469865672617857,-3.3979131060799546,254.46130134582947,2.576345778829051,-0.867019050126068,0.6573861073609536,-2.4163519442575745,73.93703578104763
3,0.04974683544303798,174.39759493444615,744.0636117079143,63.54174801645197,1066.3992573989772,397.56732510843125,1081.4937838433148,119.60919308236919,1269.0314514078432,333.15794348716736,778.5838508605957,1.0,-6.8527335135848375,-1.7952524844064328,253.77776921080675,1.8928136438063348,-0.45808060864811984,0.48297453062650914,-1.7485586935946773,73.60859293962969
4,0.06632911392405064,173.41386271743616,742.5612482371802,63.56412716952293,1067.301566340185,400.74589160029603,1079.8401830998284,124.63649504381374,1272.553769318293,329.8684501647949,778.2500839233398,1.0,-3.674167021720052,-0.2928890136722657,251.64115644111553,-0.24379912588489105,-0.07473421082255109,-0.06220832609523184,-0.9375086124116104,73.44054077427816
5,0.08291139240506329,172.56095293736334,741.1646550492947,64.26609237353473,1067.3010702275676,404.4362331665022,1078.2773920569555,129.22168351743855,1273.6160132102693,328.0510711669922,777.5194931030273,1.0,0.016174544486091236,1.1037041742132487,250.30601205217778,-1.5789435148226403,0.2816236068645453,-0.4028867318515908,0.004127132671950873,73.47918369959967
6,0.09949367088607595,171.85975720236723,739.870571627703,66.00167825515757,1066.5620708407923,408.54358788539076,1076.769485738251,133.75292509438069,1272.7948839418486,327.190500497818,776.8706703186035,1.0,4.123529263374678,2.397787595804857,249.5251288500926,-2.359826716907804,0.6118248050542929,-0.6021386229372806,1.0521688793927717,73.75293649624926
7,0.11607594936708861,171.3162933734625,738.6778814920262,69.03401798796962,1065.3751045755778,413.0112698924187,1075.2564774159832,138.6101371185359,1270.9245175449719,326.8197441101074,776.8772506713867,1.0,8.591211270402596,3.5904777314816556,249.06801874178495,-2.816936825215464,0.9161542673583524,-0.7187758527707282,2.1921525367345738,74.2611929792182
8,0.13265822784810127,170.92084965416956,737.5978338821623,73.42065586167887,1064.0904104142617,417.87224738270936,1073.6581686407424,144.02314410738308,1268.854718767884,327.08592653274536,779.4564056396484,1.0,13.452188760693275,4.670525341345638,249.00338809345746,-2.881567473542958,1.191741612755632,-0.7352671524516028,3.4324903425409747,74.96392616990293
9,0.14924050632911393,170.6507847664272,736.6575400122717,78.94938574584329,1063.040499789471,423.24293756140594,1071.8898028818555,149.99487252532148,1267.2338596117713,326.98331594467163,782.3549652099609,1.0,18.822878939389852,5.610819211236162,248.8170503555494,-3.0679052114510057,1.431669083665085,-0.7828135032498607,4.802887569274923,75.77896094711174
10,0.16582278481012658,170.47674476205626,735.8932568696197,85.16524532103955,1062.4690393643261,429.26409954491504,1069.8898869371435,156.30185261032338,1266.3730790217273,325.5363714694977,782.4859428405762,1.0,24.844040922898955,6.375102353888224,248.00655811577695,-3.8783974512234636,1.6266852667404752,-0.9896205021118057,6.33926062550646,76.59522567826713
11,0.18240506329113923,170.3711669564653,735.3356299850957,91.49857896924013,1062.4839545191041,436.0209539589748,1067.647936561469,162.5507966163637,1266.22532257942,323.7911546230316,781.7225074768066,1.0,31.60089533695873,6.9327292384122075,247.08116078974845,-4.803794777251966,1.768970580299452,-1.2257469378251844,8.063354595253898,77.30389585611294
12,0.1989873417721519,170.31631159580607,734.9941739793202,97.45470539823432,1063.0477741434468,443.4835595217569,1065.2141760680568,168.26822801021177,1266.4773254356328,321.37922644615173,781.2837982177734,1.0,39.0635008997408,7.27418524418772,245.8477690209789,-6.03718654602153,1.8560972526259454,-1.5404619191701887,9.967529594588497,77.83642583022115
13,0.21556962025316456,170.30824300443467,734.8486104781538,102.78340075034268,1064.0066184459652,451.49600176882,1062.6815051346312,173.0154813181425,1266.712909012005,318.7053322792053,780.9403038024902,1.0,47.07594314680392,7.419748745354127,244.50678764181998,-7.378167925180435,1.8932395586750612,-1.882629704307111,12.012002142697025,78.1892236848862
14,0.23215189873417721,170.35464228573167,734.8499961073405,107.54779999579311,1065.146084257543,459.81804767738714,1060.147221748132,176.5150880264534,1266.5806638720471,318.2281029224396,779.7714042663574,1.0,55.397989055371056,7.41836311616737,244.2913726040856,-7.593582962914809,1.8928859984562376,-1.937595483468779,14.13547384826854,78.42056735357515
15,0.24873417721518987,170.4673442412288,734.9288899555221,112.06582097048927,1066.2545975571036,468.19969923420877,1057.675112884246,178.7443280858656,1265.9028609722197,317.70153164863586,779.5864105224609,1.0,63.77964061219268,7.339469267985805,244.08443794493235,-7.800517622068071,1.8727552690421227,-1.990397390408715,16.274154663348853,78.62335381054015
16,0.26531645569620255,170.65296221402664,735.0052998011456,116.76451474659562,1067.1745963840178,476.4574796409513,1055.278031405323,179.94327570764435,1264.6936435933362,317.3160982131958,778.6254501342773,1.0,72.03742101893522,7.263059422362289,243.9845302136112,-7.90042535338921,1.8532583632341901,-2.015890068886958,18.38122824083165,78.89075885298368
17,0.28189873417721517,170.90551600864188,734.9968933491785,122.02092758335682,1067.8271585510827,484.5228678494307,1052.928287119391,180.52342556445925,1263.0983091415806,314.9081289768219,777.535343170166,1.0,80.10280922741464,7.271465874329351,242.9068224927319,-8.978133074268527,1.8554033721769942,-2.290880363017313,20.43921059797356,79.29086086395142
18,0.29848101265822785,171.20342697711988,734.8260248999953,128.0510435025101,1068.2050484027507,492.44540531199016,1050.5875425671582,180.9159826281756,1261.3003497024674,313.1803250312805,776.2735176086426,1.0,88.02534668997407,7.4423343235125685,242.1918760042002,-9.693079562800222,1.8990025449287242,-2.473307695920137,22.46074284171624,79.85673145184236
19,0.31506329113924053,171.51048703118383,734.4290585064874,134.87439103400254,1068.3412351120826,500.35162613720934,1048.2385797495658,181.4241493746157,1259.4488778481048,311.6881263256073,775.5817794799805,1.0,95.93156751519325,7.839300717020478,241.59930667839558,-10.28564888860484,2.0002933709993953,-2.624509000354223,24.478111696058914,80.59036376197888
20,0.33164556962025316,171.77845357801857,733.7703418693078,142.34910490962343,1068.2696658711343,508.3787174163682,1045.9020890003255,182.13436737752912,1257.6334386216142,310.96898317337036,775.4653930664062,1.0,103.95865879435212,8.498017354200101,241.37371837569447,-10.511237191305952,2.1683729702239307,-2.6820706123852953,26.526322123711857,81.47512737894553
21,0.34822784810126584,171.94954131132755,732.8580496774711,150.2487960876468,1067.9962017326316,516.6103021985873,1043.6310436395431,182.91191831006967,1255.8975669348226,310.91169118881226,775.5560874938965,1.0,112.19024357657122,9.410309546036842,241.4306162500699,-10.454339316930515,2.4011554708088965,-2.6675524244696263,28.62671156749767,82.49027886786789
22,0.36481012658227846,171.9597398848325,731.7537799752083,158.341942758297,1067.4895564453277,525.0377624013415,1041.488132450397,183.47275324262125,1254.263528694307,310.9886169433594,776.3285064697266,1.0,120.61770377932544,10.514579248299583,241.47417841409595,-10.410777152904473,2.6829233790657914,-2.6564370060065365,30.77708101835062,83.621393240919
23,0.38139240506329114,171.7459213282771,730.5671687860607,166.4411752135564,1066.6909845178159,533.5577171819127,1039.520712173651,183.499709458541,1252.7464550628704,310.81281423568726,777.0162963867188,1.0,129.13765855989664,11.701190437447167,241.27936778198216,-10.605587785018258,2.9857017238806787,-2.7061453192966938,32.951051590979525,84.86308616129344
24,0.3979746835443038,171.25881976424364,729.4327483975395,174.41146745768455,1065.5344681526074,542.0018827931387,1037.7466534347172,182.7628266715756,1251.3543016427873,310.8340573310852,778.3732795715332,1.0,137.58182417112266,12.835610825968388,241.04643854766442,-10.838517019335995,3.2751629481654914,-2.7655800597329327,35.10568363093733,86.2143971621824
25,0.41455696202531644,170.48013328317282,728.4756686128807,182.15009510886898,1063.9691041445383,550.1855055567846,1036.1547275781672,181.20669487338247,1250.083865159444,310.9209609031677,779.6164512634277,1.0,145.76544693476853,13.792690610627233,240.70054709317026,-11.18440847383016,3.519373550345101,-2.8538384909993613,37.19383497960791,87.6702719121957
26,0.4311392405063291,169.43740625627,727.7794813198846,189.56358956512997,1061.9791685279376,557.9569287835948,1034.714152031855,178.97869245597371,1248.9241189910997,310.87100744247437,779.7023391723633,1.0,153.5368701615787,14.488877903623347,240.1542068493722,-11.730748717628217,3.6970142452773174,-2.99324388025898,39.17680857954495,89.21352737927404
27,0.44772151898734175,168.20831363963794,727.3682594978804,196.56327601339413,1059.5985607919872,565.2336366220854,1033.386481809761,176.39005762066253,1247.869274830337,310.68673968315125,779.6573066711426,1.0,160.81357800006936,14.900099725627456,239.4475266613946,-12.437428905605827,3.801942518124305,-3.1735619655646143,41.03354950293236,90.81139214584225
28,0.46430379746835443,166.9090717538241,727.2078088143626,203.08613675788112,1056.9134619739016,572.0177078586214,1032.1364981767772,173.82508584995784,1246.9340482994644,310.7620882987976,781.0605812072754,1.0,167.59764923660532,15.060550409145321,238.83558002631085,-13.049375540689567,3.842883470665681,-3.32970762724407,42.76458817751305,92.4196088578085
29,0.4808860759493671,165.669386875619,727.2225155033071,209.13114777354482,1054.0473294974076,578.3912636223795,1030.9407375058975,171.63430728724975,1246.1600975578092,311.1509335041046,781.8780899047852,1.0,173.9712050003634,15.045843720200764,238.4101601898618,-13.474795377138605,3.839130879271748,-3.4382586969706166,44.390878812883116,93.99421792675535
30,0.49746835443037973,164.60398450313951,727.320689995886,214.79231424203633,1051.1315393726195,584.4960734181827,1029.7914150828851,170.05371427671685,1245.607306610374,311.16750955581665,781.9230079650879,1.0,180.07601479616665,14.947669227621873,237.88574702947807,-13.99920853752235,3.8140804578380583,-3.5720691229570734,45.94859563056359,95.50675236464477
31,0.5140506329113924,163.7926278330721,727.4221854642174,220.27188370721882,1048.2758845287324,590.5020920523439,1028.693444592134,169.1784872696947,1245.3322901232139,311.0957658290863,781.5642929077148,1.0,186.08203343032778,14.846173759290537,237.44419683107918,-14.440758735921236,3.788182648860166,-3.684736051641556,47.481104676163454,96.95568734633372
32,0.5306329113924051,163.2751332034665,727.4840579596524,225.86537115395512,1045.5533261736844,596.5707692435859,1027.6556603657045,168.9930276605318,1245.3628800821343,310.98697543144226,780.9620475769043,1.0,192.15071062156983,14.784301263855468,237.13105431745439,-14.753901249546033,3.7723951255932953,-3.7646381904664894,49.029601818264474,98.36842964448718
33,0.5472151898734178,163.05947290456848,727.5205238730506,231.91648016814366,1043.0026093588351,602.8211820770399,1026.6816396857776,169.43385431854472,1245.6784767800916,309.9026119709015,779.8286819458008,1.0,198.40112345502382,14.747835350457308,236.48104243773497,-15.403913129265447,3.763090402191193,-3.9304966644564727,50.62447103021116,99.7927035806976
34,0.5637974683544303,163.13520612384198,727.6126669095408,238.74476683657088,1040.642470829006,609.3078746453809,1025.7662196019241,170.44969750093242,1246.2037947630415,308.93067598342896,779.0142059326172,1.0,204.88781602336485,14.655692313967052,236.03294105363545,-15.852014513364963,3.739578980480448,-4.044835208225284,52.279629903756096,101.28028925759865
35,0.580379746835443,163.48342947679868,727.9027621251624,246.55842717180903,1038.489100863118,616.0160066236604,1024.900025084766,172.0274388457639,1246.8201622683616,305.7218098640442,776.6319465637207,1.0,211.59594800164427,14.36559709834546,234.60261967042143,-17.282335896578985,3.6655576413695967,-4.4097991870952145,53.99129174864592,102.86835031961611
36,0.5969620253164557,164.07726732279005,728.5691599024791,255.37783737794828,1036.5694708515148,622.8728642651943,1024.0789095901496,174.17071660266103,1247.3939384582875,302.26539731025696,775.2493858337402,1.0,218.45280564317818,13.6991993210288,233.1713323165235,-18.713623250476928,3.4955181053787023,-4.775009645188915,55.74090276388196,104.56476853462875
37,0.6135443037974684,164.8722615148189,729.7817196248044,264.9991407969311,1034.9226626037446,629.7697772388606,1023.3117022361158,176.8435405942182,1247.8149713358132,301.2193036079407,773.4019088745117,1.0,225.34971861684448,12.486639598703505,233.04578256137978,-18.839173005620637,3.186118675243049,-4.80704519938054,57.500734386571374,106.34322363320338
38,0.6301265822784811,165.7925450266145,731.64540658715,275.0135931738018,1033.5836817445024,636.5880637570842,1022.6202341444541,179.9131774663358,1248.031724477626,301.20829582214355,773.3095550537109,1.0,232.16800513506814,10.622952636357923,233.50042042437903,-18.384535142621388,2.710576173307397,-4.691038793147361,59.24050350837144,108.14997432325593
39,0.6467088607594936,166.7234016962833,734.1487949377768,284.87908933956686,1032.5537328336056,643.2243363981099,1022.0299349067337,183.13172877502447,1248.0685637727593,300.24540424346924,773.1535148620605,1.0,238.80427777609384,8.119564285731144,233.48440296987627,-18.400552597124147,2.0718060452622153,-4.695125842390489,60.933829565269235,109.91929779683106
40,0.6632911392405063,167.51957140548845,737.1392790063353,294.02945139610875,1031.7723359149718,649.6109360828178,1021.555059096497,186.17761784649284,1248.0169772430336,300.1271188259125,772.7621841430664,1.0,245.19087746080174,5.1290802171726,233.82334511570048,-18.06161045129994,1.3087474926760982,-4.608640612148913,62.56344851646104,111.59188969103462
41,0.679873417721519,168.03073779510086,740.3416848441815,302.0012207023992,1031.1097214684487,655.7269436130673,1021.1868259583235,188.74446726028955,1248.0035599335513,300.1586937904358,772.1614837646484,1.0,251.30688499105122,1.926674379326414,234.09471579276834,-17.790239774232077,0.49161451105880993,-4.539397067856256,64.12402257291721,113.1308732886538
42,0.6964556962025317,168.1363905383695,743.4205604399963,308.54696858688374,1030.3887103333293,661.5964562300297,1020.8922922546985,190.63587071205325,1248.1481977860499,300.311096906662,771.2867546081543,1.0,257.17639760801364,-1.152201216488379,234.22374372251574,-17.661211844484683,-0.2939982198150855,-4.5064740149126274,65.62170044018106,114.5312446012396
43,0.7130379746835444,167.77801832550236,746.0660682925673,313.69520774196604,1029.4298522422519,667.2739220823732,1020.6257182748859,191.81983053918242,1248.5307889298283,300.65211296081543,770.1171112060547,1.0,262.85386346035716,-3.7977090690593514,234.21506564315888,-17.669889923841538,-0.9690318754235718,-4.508688332903113,67.07037522871941,115.81967067251256
44,0.7296202531645569,166.97815509808262,748.0716871334382,317.72855030816197,1028.1018869124532,672.820148781865,1020.3463035990892,192.41942280161723,1249.1802667260524,301.5603840351105,769.8473739624023,1.0,268.4000901598489,-5.803327909930317,234.26926956659656,-17.615686000403855,-1.4807900305145374,-4.4948575394881916,68.4855627437188,117.04398585772647
45,0.7462025316455696,165.8398533117317,749.3765459035614,321.087060479329,1026.3574163621074,678.2763139063344,1020.0323893977372,192.6503893648902,1250.0862979608264,302.25651383399963,768.8147735595703,1.0,273.8562552843183,-7.10818668005345,234.04818357286567,-17.83677199413475,-1.8137406905524598,-4.551270332369137,69.87776994733561,118.25606578611588
46,0.7627848101265823,164.52500879880927,750.0617753663867,324.2392913956133,1024.2404832191346,683.6455453239097,1019.6853651349628,192.73959492836187,1251.21980179939,302.67802834510803,767.6545143127441,1.0,279.2254867018936,-7.793416142878755,233.60151857195865,-18.283436995041768,-1.988585361216387,-4.665242365414366,71.247794953344,119.49548063155271
47,0.779367088607595,163.21627063715977,750.3075211976534,327.5717170122847,1021.8645154543761,688.8901228594075,1019.3238976835609,192.8593375843478,1252.5445247043597,303.8143730163574,766.9341087341309,1.0,284.4700642373914,-8.039161974145486,233.5153218267586,-18.369633740241824,-2.05129041297774,-4.687236518241167,72.58601299812081,120.78086986355804
48,0.7959493670886076,162.07406196919317,750.3281610147347,331.3259193080658,1019.3708967069939,693.9464005743405,1018.9746626337524,193.09640828396115,1254.0117101086419,304.04186725616455,766.8718528747559,1.0,289.5263419523244,-8.059801791226846,233.05796461267886,-18.82699095432156,-2.05655691451618,-4.803936800131891,73.87618404273364,122.11094443540273
49,0.8125316455696202,161.2033374663487,750.3075770772225,335.58456057115893,1016.8852199182807,698.7516440193313,1018.6653909341,193.45503853456648,1255.5448088844666,305.85992217063904,767.8048896789551,1.0,294.33158539731517,-8.039217853714604,233.53162981849385,-18.353325748506563,-2.0513046713326255,-4.683075334872919,75.1023006258345,123.4714737603292
50,0.8291139240506329,160.64048208141048,750.35479374676,340.2923350385502,1014.4869417260162,703.271225212111,1018.4214391131147,193.88007896254467,1257.029879611839,307.6671302318573,768.1997108459473,1.0,298.85116659009486,-8.086434523252137,234.1538061566339,-17.731149410366527,-2.0633525815335365,-4.524319439455859,76.25552699460772,124.8429618231911
51,0.8456962025316456,160.36110716670703,750.4921243646966,345.2976289178972,1012.20033346302,707.5142289849787,1018.2633638456983,194.28390680958793,1258.325382211756,307.6983833312988,768.4360885620117,1.0,303.0941703629626,-8.223765141188665,234.02974524900293,-17.85521031799749,-2.098394166824079,-4.555975096011498,77.33818125502732,126.20596545972464
52,0.8622784810126582,160.30138043912905,750.6750158188289,350.4041859703263,1010.0058664709786,711.5307827981271,1018.203016660048,194.56575373730064,1259.2944433851155,306.5744626522064,767.8958129882812,1.0,307.11072417611103,-8.40665659532101,233.43792154566773,-18.447034021332684,-2.145061156204787,-4.7069861457613085,78.3630540410986,127.54365011848196
53,0.8788607594936709,160.3841404978899,750.831204440037,355.42360823844786,1007.8654873903754,715.3927055934116,1018.2383518642275,194.6218717246567,1259.8488687583042,302.3281931877136,766.790657043457,1.0,310.97264697139553,-8.562845216529126,231.35616684280177,-20.528788724198648,-2.1849145914671704,-5.238171296389423,79.348470833434,128.8420666670236
54,0.8954430379746835,160.5445219941761,750.9021433382683,360.2200743536998,1005.7521501167507,719.16664771815,1018.3499480201704,194.35416935726334,1259.9852616995402,299.60981726646423,764.1904449462891,1.0,314.7465890961339,-8.633784114760374,230.07716963032016,-21.80778593668026,-2.203015518195224,-5.564523063977444,80.31143828259172,130.08884004434364
55,0.9120253164556962,160.75216876758708,750.8722633853164,364.7394763435121,1003.6722340251686,722.8921074599505,1018.5031929848382,193.687431713866,1259.7955891709857,299.569616317749,763.6481094360352,1.0,318.4720488379344,-8.603904161808487,230.16089254266805,-21.724063024332366,-2.1953912830787337,-5.543160139832099,81.26203485930795,131.27171390251343
56,0.9286075949367089,161.02573212417283,750.7781570019819,369.01515461878967,1001.6710042817516,726.5737590174422,1018.6580104426993,192.59747036160317,1259.4460226065294,299.67180848121643,763.2125473022461,1.0,322.1537003954261,-8.509797778473967,230.34877030269462,-21.5361852643058,-2.1713788894293784,-5.49522083357186,82.20145324247966,132.3786110360448
57,0.9451898734177215,161.43368991915037,750.697052722224,373.14344670251023,999.8182857349469,730.1904347330966,1018.7836686060311,191.13875360773312,1259.1317682183567,299.66237783432007,763.2302856445312,1.0,325.7703761110805,-8.428693498716143,230.54803387673522,-21.3369216902652,-2.1506841413880102,-5.444376297735945,83.12429224562835,133.39929716798758
58,0.9617721518987342,162.07818486302645,750.7201936419535,377.2303206309167,998.1813614261686,733.7155965294443,1018.8725043950345,189.45220311758735,1259.0243817897654,299.36323642730713,763.2657623291016,1.0,329.2955379074282,-8.451834418445628,230.72071064516678,-21.164244921833642,-2.1565888298295723,-5.400315710231079,84.02378035400324,134.32677376797238
59,0.9783544303797468,163.06562265816294,750.920916592698,381.32615500802115,996.798181725696,737.1386840883077,1018.9458530410097,187.7418946708592,1259.2277270199331,295.2292335033417,762.9048728942871,1.0,332.71862546629166,-8.652557369190049,229.14742808075232,-22.737527486248098,-2.207805743464454,-5.80175798141152,84.89722297337853,135.15664983911705
60,0.9949367088607595,164.4745746638876,751.328735034631,385.379044858148,995.662323192125,740.4757493303948,1019.0484766676603,186.22881053444888,1259.7522105342182,292.4784457683563,762.216682434082,1.0,336.05569070837873,-9.060375811123095,228.47651021612197,-23.408445350878452,-2.311865602298396,-5.972950872914124,85.74871594747079,135.88502882611206
61,1.0115189873417723,166.3328105397797,751.9190564208003,389.235318140204,994.724150396731,743.7635152921608,1019.233046241924,185.10323563476723,1260.512161412291,286.0859799385071,761.3665008544922,1.0,339.34345667014475,-9.650697197292402,226.2093952391434,-25.675560327857028,-2.4624933174656283,-6.551432962508882,86.58762960777206,136.50750739078956
62,1.0281012658227848,168.60922076172875,752.6226610057305,392.69609350060796,993.9057333699998,747.0413038949857,1019.5411096911437,184.49321971426227,1261.3503238674698,284.4751739501953,761.6370964050293,1.0,342.62124527296965,-10.354301782222592,226.54219735596203,-25.342758211038387,-2.642026625071101,-6.4665144356967215,87.42399742302025,137.02168580371773
63,1.0446835443037974,171.2171644577134,753.3504389156383,395.60957744674545,993.1233592031977,750.3329951637995,1019.9883761810374,184.45130923871943,1262.088355183873,284.2570459842682,761.755313873291,1.0,345.91293654178344,-11.082079692130378,227.7371052209908,-24.14785034600962,-2.827728051932761,-6.161619092648761,88.2639126733804,137.43318485004383
64,1.0612658227848102,174.02163546992466,754.0213628361806,397.9566451006121,992.3105215679324,753.6401485057235,1020.5591848361178,184.95113729497604,1262.5886525086494,284.1776418685913,761.7720794677734,1.0,349.2200898837074,-11.753003612672728,229.09963866925798,-22.785316897742433,-2.998922488675311,-5.813952033721382,89.10777326063483,137.7622230319526
65,1.0778481012658228,176.84782360127753,754.5810010207042,399.88649054969704,991.4347549539536,756.9485303189472,1021.2103130347846,185.88720862629265,1262.8016190633534,284.47330713272095,761.9950103759766,1.0,352.5284716969311,-12.312641797196306,230.66056536699924,-21.22439020000118,-3.1417210100064485,-5.41566251290625,89.95194730735281,138.04625303413584
66,1.0944303797468355,179.49732049150853,755.0053184437666,401.68133893600594,990.5034715655175,760.2408030910439,1021.8813573845944,187.0804146033521,1262.7774363812377,284.672509431839,761.9684600830078,1.0,355.8207444690278,-12.736959220258655,232.08491496167375,-19.80004060532667,-3.2499907854863404,-5.052222308854992,90.79201093538134,138.33498387619926
67,1.1110126582278481,181.77968099382886,755.2945724912541,403.6614623701075,989.5575146699593,763.5050829196384,1022.5087110422174,188.29851401482384,1262.640687866349,284.86849308013916,761.9260025024414,1.0,359.08502429762234,-13.026213267746243,233.324087036984,-18.56086853001642,-3.3237974902690692,-4.736032411663148,91.62493182181296,138.67723280690777
68,1.1275949367088607,183.55721987532763,755.4673153296433,406.0682323374168,988.6556425794706,766.7339064606456,1023.0407579880444,189.29861077884718,1262.544169563673,285.0299084186554,761.9070625305176,1.0,362.3138478386295,-13.19895610613537,234.2935641469915,-17.591391420008904,-3.3678749363309572,-4.4886584804305745,92.44880560320532,139.10377050220276
69,1.1441772151898735,184.78720996525644,755.5616758131117,408.9749333982098,987.8561842114921,769.9165579662923,1023.4514562585797,189.88804623731008,1262.6225582957584,285.19837260246277,761.9951820373535,1.0,365.49649934427623,-13.293316589603819,234.99279128385962,-16.8921642831408,-3.3919521667344843,-4.31024213218877,93.26089802557203,139.6147493353187
70,1.160759493670886,185.54038879324375,755.6429435172132,412.26844466403236,987.2018058170478,773.0330578501615,1023.7481850305088,189.98728238053533,1262.9581085898112,282.78332233428955,762.1294784545898,1.0,368.61299922814544,-13.374584293705311,234.16185556376666,-17.723100003233753,-3.4126886144941184,-4.522265534865466,94.05611105329645,140.1805429421087
71,1.1773417721518988,185.98336546560526,755.8088165008538,415.7168624199424,986.710428414315,776.0563819419654,1023.9696140185998,189.67097028663505,1263.5595449732807,282.23042249679565,762.6217460632324,1.0,371.63632331994927,-13.540457277345922,234.10689398120047,-17.778061585799946,-3.4550131331701044,-4.536289654265311,94.82754913910526,140.75812199759767
72,1.1939240506329114,186.32906581187657,756.1816147059029,419.0954539237434,986.3723768548357,778.9627283101233,1024.172532038644,189.1658555743977,1264.351712603683,281.97325229644775,763.5311508178711,1.0,374.54266968810725,-13.913255482395016,234.15115905416218,-17.73379651283824,-3.5501371506301207,-4.524994879998027,95.56913892930585,141.31506932129696
73,1.210506329113924,186.7733233448482,756.8822177059792,422.3088008817585,986.152655802689,781.7438118683549,1024.4122477204687,188.79604800179723,1265.1784910336557,281.7837703227997,764.1633796691895,1.0,377.3237532463388,-14.6138584824713,234.27854683382395,-17.606408733176465,-3.728904567181979,-4.492490331390708,96.27876638289337,141.84812968520296
74,1.2270886075949368,187.44090753325327,757.9909920413329,425.44481157344535,985.9975080677589,784.4140385863824,1024.7249470762229,188.88485004914398,1265.8262202339672,277.28580236434937,765.8984756469727,1.0,379.9939799643663,-15.722632817825001,232.36335494880132,-19.521600618199102,-4.011821887616808,-4.981174943716521,96.96010735907753,142.38653226300008
75,1.2436708860759493,188.3596523095242,759.5106104114982,428.73012185020997,985.8445263106622,787.0081146991062,1025.1187925155405,189.64378465692178,1266.0695471427678,275.31116008758545,766.0737419128418,1.0,382.5880560770901,-17.24225118799029,231.83540619855484,-20.049549368445582,-4.399571083880049,-5.115887518659918,97.62201757778915,142.97846178898047
76,1.2602531645569621,189.46917439372183,761.3485353089703,432.4073258371205,985.6347234672646,789.5686101436668,1025.5751768931125,191.09421001042665,1265.7274239320602,274.2746901512146,766.1488723754883,1.0,385.1485515216507,-19.080176085462426,231.8719322724682,-20.013023294532218,-4.868540080161334,-5.106567444567225,98.2753592786769,143.66681273527752
77,1.2768354430379747,190.65637548230958,763.3306313916248,436.59528791650223,985.3237317192701,792.1271117996005,1026.0568974036776,193.06085450792472,1264.7071906296726,272.8130042552948,766.2505531311035,1.0,387.7070531775844,-21.06227216811692,231.7346898688022,-20.15026569819821,-5.374296116054873,-5.141586520908699,98.92819224003321,144.46534283472133
78,1.2934177215189873,191.80050250515006,765.2440400425859,441.2027757104328,984.8887053252046,794.6863921098094,1026.5187687420578,195.244899447865,1263.0196441672201,272.2849202156067,766.8992042541504,1.0,390.2663334877933,-22.97568081907798,232.04271136037838,-19.84224420662204,-5.8625257144194824,-5.062991073436269,99.5812238845427,145.34696640224507
79,1.31,192.81041266131072,766.8933092026587,445.9376618607239,984.3282479953953,797.2123259326985,1026.917678808044,197.34333695604664,1260.7634835920037,272.2038745880127,767.2249603271484,1.0,392.7922673106824,-24.624949979150756,232.5071436246617,-19.377811942338724,-6.283356894007295,-4.944485506031878,100.22574676533206,146.25054411179875
80,1.3265822784810126,193.64472341827272,768.1471147116681,450.4055942744166,983.655301175966,799.6406816543423,1027.2209184810793,199.15862783189309,1258.0909336085708,272.1523118019104,767.4406242370605,1.0,395.2206230323262,-25.87875548816021,232.89851761009157,-18.986437956908844,-6.603280690622072,-4.844621651219258,100.84537140122417,147.10278978669623
81,1.3431645569620254,194.31570562558187,768.9588702525863,454.25122880558825,982.8869863541474,801.896677349882,1027.4122280837255,200.6522427659835,1255.1700533400326,271.60974383354187,767.4102973937988,1.0,397.4766187278659,-26.69051102907838,232.96272472956187,-18.922230837438548,-6.81041003620837,-4.8282384201016475,101.42101627028673,147.84397797515615
82,1.359746835443038,194.8830750411045,769.3594346609774,457.2810585326322,982.0382109842124,803.9192292423174,1027.4948448662194,201.9277026305551,1252.1545841426953,271.63790702819824,766.7151260375977,1.0,399.49917062030136,-27.0910754374695,233.26049103465135,-18.624464532349066,-6.912618939742763,-4.752259708775485,101.93709510039933,148.44543794126082
83,1.3763291139240506,195.4415430349493,769.4331059291029,459.52019943701765,981.1238516333589,805.6807340644381,1027.4910046350979,203.16132156036028,1249.1650210305954,270.11525988578796,765.0504112243652,1.0,401.260675442422,-27.164746705595007,232.77840146036863,-19.10655410663179,-6.931417064037781,-4.875270754591338,102.3865645806326,148.91282263342472
84,1.3929113924050633,196.1005226999109,769.2906007399575,461.18459585542286,980.1672598703465,807.1962556967055,1027.4378368448063,204.515967114871,1246.2801051242443,270.2210569381714,764.0834426879883,1.0,402.77619707468943,-27.02224151644964,233.16078981904116,-18.724165747959262,-6.895055123672157,-4.777699692246544,102.77326844416073,149.27678581797116
85,1.409493670886076,196.95375291521117,769.0461228846642,462.5821733531035,979.2059695499476,808.5199891753508,1027.3798830300238,206.0725547812284,1243.5376050784841,277.8410518169403,764.0968894958496,1.0,404.09993055333473,-26.777763661156314,237.39740236607574,-14.48755320092468,-6.832673611474567,-3.696676231196427,103.11103521671932,149.5774629824383
86,1.4260759493670887,198.04433625676143,768.7985420294872,463.9826308787443,978.2858722159075,809.7299709904072,1027.359033618833,207.80229233787932,1240.9447355008806,281.0220444202423,764.0359497070312,1.0,405.3099123683911,-26.53018280597928,239.53319033850187,-12.35176522849855,-6.769500330939258,-3.1517038315755608,103.41977686231432,149.84970563710024
87,1.4426582278481013,199.340753287566,768.6157183965383,465.50917033171777,977.444339450587,810.904627216143,1027.404217093023,209.5860114765682,1238.4988206247485,283.0467689037323,762.7197647094727,1.0,406.4845685941269,-26.34735917303044,241.19376109564917,-10.691194471351253,-6.722850646962269,-2.727988911393285,103.71950475212994,150.11370749595338
88,1.4592405063291138,200.740314280338,768.5248333296751,467.0990386447002,976.693551259661,812.0976433207779,1027.524693738736,211.26843367086457,1236.216257326378,281.67346715927124,762.220573425293,1.0,407.67758469876185,-26.25647410616716,241.20689071980462,-10.678064847195799,-6.699660211573722,-2.724638727351379,104.02391738939687,150.37262171846288
89,1.4758227848101266,202.1029925101228,768.5137852577159,468.5495426708603,976.0173912294944,813.3198227362722,1027.7101886599337,212.72050553499054,1234.161771833582,281.4890384674072,761.3103103637695,1.0,408.8997641142561,-26.24542603420798,241.79601548876502,-10.088940078235396,-6.696841161010412,-2.574316343687172,104.3357714017933,150.6162752374592
90,1.4924050632911392,203.2996578390343,768.545120429115,469.62359697443105,975.385891513123,814.535751800317,1027.93787724938,213.8810764923274,1232.4627268835095,282.97763228416443,761.227855682373,1.0,410.11569317830094,-26.276761205607045,243.13864506159936,-8.746310505401055,-6.704836712895874,-2.231728001793709,104.64603056064067,150.82841369283136
91,1.508987341772152,204.25051755488454,768.5770651305094,470.1602567588807,974.7782302453016,815.6777898985167,1028.1825849553027,214.7631428026257,1231.2925987130109,287.05244421958923,760.9990310668945,1.0,411.25773127650064,-26.308705907001467,245.6514808872369,-6.233474679763532,-6.7129877938078595,-1.5905472350552514,104.93743553663525,150.99431620697558
92,1.5255696202531646,204.93851844301176,768.5821801407546,470.1403579477881,974.1993434041744,816.6718476700215,1028.4252187590569,215.43003406234155,1230.8201435018468,286.728937625885,760.964412689209,1.0,412.25178904800543,-26.313820917246744,245.83372803444837,-6.051227532552048,-6.714292951175277,-1.5440446484585686,105.19108152401449,151.10636897560784
93,1.5421518987341771,205.39908112281358,768.5562301086001,469.68815184583235,973.6801911701633,817.4633435266181,1028.6561820564082,215.9596649018283,1231.140985080031,285.92845916748047,760.9467315673828,1.0,413.04328490460205,-26.28787088509216,245.66377014514703,-6.2211854218533915,-6.707671483372245,-1.5874114807297688,105.39304136358108,151.16664754142528
94,1.55873417721519,205.69807573993893,768.5157930136197,469.02231106951524,973.262792879247,818.0321456266972,1028.8738019309274,216.41490245049923,1232.2219704918575,283.7645924091339,760.9537124633789,1.0,413.61208700468114,-26.247433790111813,244.73133407453642,-7.153621492463998,-6.697353464463231,-1.825333938133854,105.53817816994551,151.18661872547406
95,1.5753164556962025,205.90972948868415,768.4883943690842,468.38584740534793,972.9799105028973,818.3923708825332,1029.0804723494184,216.82915425459993,1233.8858174353861,283.61881971359253,761.0950469970703,1.0,413.9723122605171,-26.220035145576276,244.76427460113834,-7.120680965862078,-6.690362365509748,-1.8169287602515989,105.6300940457775,151.18449701296015
96,1.5918987341772153,206.09994479472834,768.5008042040337,467.98217531987257,972.840460939731,818.5814978010701,1029.2799668822677,217.2058689322481,1235.8464451365899,283.6666488647461,761.0993385314941,1.0,414.161439179054,-26.23244498052577,244.88329682973722,-7.001658737263199,-6.693528886540224,-1.7865587842215938,105.67835209009586,151.18106338301484
97,1.6084810126582278,206.3148683507806,768.5698157846139,467.9317946042745,972.826435901738,818.6469803400233,1029.4779340006924,217.52505139086455,1237.783477180889,283.60877752304077,761.0727310180664,1.0,414.22692171800725,-26.301456561105965,244.9618229369107,-6.923132630089725,-6.711138034618577,-1.766521888419338,105.69506076007964,151.19497623791534
98,1.6250632911392404,206.57274925007627,768.6973221778204,468.25105732973856,972.9002872734592,818.6357061707408,1029.6848233298354,217.75107004309814,1239.4278279326854,283.66310834884644,761.1103248596191,1.0,414.21564754872475,-26.42896295431251,245.11792879946137,-6.7670267675390505,-6.7436728489212525,-1.726689570039678,105.69218401802146,151.2385047591723
99,1.6416455696202532,206.85869238152915,768.8696542898879,468.8482227761509,973.0175504799905,818.5865539144038,1029.9182432307255,217.840546681478,1240.6258792798878,283.6301815509796,761.1125564575195,1.0,414.1664952923877,-26.601295066379976,245.2444369662544,-6.64051860074602,-6.787645493143261,-1.6944094654043294,105.67964221919658,151.31428261151484
100,1.6582278481012658,207.12438681715867,769.0604486429366,469.5335553711409,973.1389352784477,818.5243087020733,1030.2016368300451,217.75191812282972,1241.359023947374,283.6081337928772,761.1139297485352,1.0,414.1042500800572,-26.79208941942875,245.36626030501793,-6.5186952619824865,-6.836329003752692,-1.663324751887391,105.6637595926594,151.4135347646157
101,1.6748101265822786,207.29583247108948,769.2362263364482,470.04549327774316,973.2379928130988,818.4551636482759,1030.5582933174358,217.45735345587477,1241.7140736097992,283.64598512649536,761.1150741577148,1.0,414.03510502625977,-26.967867112940326,245.47090879879244,-6.414046768207982,-6.881180830183762,-1.6366224099389917,105.64611638725867,151.5164374149147
102,1.6913924050632911,207.2903770101821,769.3637311242057,470.0977652812421,973.3030981407936,818.3665384528904,1031.0026740718627,216.95472310691437,1241.8198989265543,283.55486512184143,761.0817718505859,1.0,413.9464798308743,-27.09537190069784,245.42262106601177,-6.462334500988646,-6.9137152348365,-1.6489436150143426,105.62350258569239,151.59547787227103
103,1.7079746835443037,207.0405264859225,769.4176680833508,469.4479268110231,973.334702555124,818.2336243478792,1031.5329361506008,216.27513638851713,1241.7779695518184,283.50088834762573,761.074161529541,1.0,413.8135657258631,-27.149308859842904,245.27070741677412,-6.614248150226302,-6.927477909049965,-1.6877062389400521,105.58958792764274,151.62226360626028
104,1.7245569620253165,206.51785206777012,769.3870248164576,467.9757057217053,973.3401016003361,818.0315869958043,1032.1282860517895,215.48216053545863,1241.6147422471115,284.29792284965515,761.1339569091797,1.0,413.61152837378825,-27.118665592949696,245.40788745871265,-6.477068108287767,-6.9196589050539625,-1.6527030749553742,105.53803562844695,151.57685638816713
105,1.741139240506329,205.74821400623776,769.2781047044466,465.74561059109965,973.3282817112022,817.7481148363073,1032.752824508086,214.66194528080854,1241.2736720112305,284.89118456840515,761.1526107788086,1.0,413.3280562142912,-27.009745480938705,245.31969928732144,-6.565256279678977,-6.891866607515094,-1.675205364509262,105.46570424303732,151.45684180494032
106,1.7577215189873419,204.81111165052175,769.1131119164039,463.022585499171,973.3069074071481,817.3893300710646,1033.3649989558412,213.90692059902753,1240.6490117637638,285.99621176719666,761.3125991821289,1.0,412.9692714490485,-26.84475269289601,245.4036617088592,-6.481293858141214,-6.8497666815015466,-1.6537813266674177,105.37415592598241,151.2821188619273
107,1.7743037974683544,203.8212623078718,768.9245344820777,460.2205771199673,973.2824311907999,816.975104406741,1033.9294047206486,213.29752226032156,1239.6478842939557,287.25637793540955,761.5651702880859,1.0,412.55504578472494,-26.65617525856976,245.53882012164067,-6.346135445359749,-6.801648844794009,-1.6192940060656487,105.26846118606188,151.09195316072964
108,1.790886075949367,202.89764569199585,768.7471070175561,457.79126524719203,973.262957216977,816.5264346002048,1034.4263054031173,212.886344389239,1238.25619518349,287.8870403766632,761.6641044616699,1.0,412.1063759781887,-26.478747794048218,245.39234303432954,-6.492612532670876,-6.756376059130218,-1.6566694247832388,105.15397760236245,150.9336491798085
109,1.8074683544303798,202.13097732652793,768.6099595232079,456.0906528227711,973.2622370375276,816.0531941531896,1034.8550997233867,212.68815549073759,1236.5817072419059,287.8696918487549,761.8141937255859,1.0,411.6331355311735,-26.341600299699962,245.00033458764142,-6.884620979358999,-6.721381200060918,-1.7566951701387572,105.03322451950163,150.84634530825466
110,1.8240506329113924,201.56167537080768,768.5311522503935,455.2750883346682,973.3024244119379,815.550430856792,1035.2308949664407,212.67790999168687,1234.8550338861514,287.80113458633423,761.8881797790527,1.0,411.1303722347759,-26.26279302688556,244.68140497857095,-7.203550588429465,-6.701272561409651,-1.8380739570825948,104.90493832086374,150.84648753500295
111,1.8406329113924051,201.17589494710802,768.5155192807201,455.2657595633601,973.4133197221674,815.0051018980884,1035.576194446749,212.79721041343248,1233.383562080697,288.0362892150879,761.9324111938477,1.0,410.58504327607227,-26.247160057212227,244.60609208109796,-7.278863485902463,-6.697283618168997,-1.8572909631656642,104.76579097335345,150.92121379111393
112,1.8572151898734177,200.91960031385634,768.5555630645536,455.7910012738992,973.6269333632084,814.4079668251932,1035.9107882891185,212.96776707274134,1232.4700362259807,288.0959630012512,761.9363594055176,1.0,409.9879082031771,-26.287203841045653,244.50778165755378,-7.37717390944664,-6.707501278932773,-1.882376069046167,104.61342466275764,151.032324370435
113,1.8737974683544303,200.72400079731867,768.6346372393288,456.4868624216257,973.968069277576,813.7629324845993,1036.2428462998032,213.10879558964578,1232.3224339772312,287.8211545944214,761.9445991516113,1.0,409.34287386258325,-26.366278015820853,244.27257769587004,-7.612377871130377,-6.727678020880771,-1.94239123396608,104.44883626869904,151.1291168424022
114,1.890379746835443,200.5324412926948,768.7315539344054,457.01868408414305,974.4436776245745,813.0892512504054,1036.5641122254162,213.15436636442757,1232.9884602792,285.717830657959,762.1137428283691,1.0,408.6691926283893,-26.463194710897483,243.12513597532688,-8.759819591673534,-6.752407499911987,-2.235175010231646,104.27693826968503,151.16528537083784
115,1.9069620253164556,200.31907208915078,768.8255728807635,457.18118460827145,975.0351156314089,812.4169749548851,1036.8515547498048,213.06659454091874,1234.3398659538605,285.8062791824341,762.2079849243164,1.0,407.996916332869,-26.557213657255602,243.06267563579243,-8.822279931207987,-6.77639758294837,-2.2511125291036898,104.10539875794139,151.11390658425864
116,1.9235443037974684,200.09279233392817,768.9005425512505,456.9425289061021,975.697350620648,811.7790033481116,1037.0756669259138,212.84146293602168,1236.1108844263717,286.2344563007355,762.6469802856445,1.0,407.3589447260955,-26.63218332774261,243.16362431733182,-8.721331249668594,-6.79552701047187,-2.225354239457273,103.94261250672078,150.97520509780742
117,1.940126582278481,199.88564279047293,768.9472152754172,456.4200501401398,976.3670509392467,811.2029097246041,1037.2123597348384,212.50601642935814,1237.97396521318,286.26999020576477,762.8051948547363,1.0,406.782851102588,-26.678856051909293,243.07781649811886,-8.807139068881554,-6.807436126364618,-2.2472491530659493,103.79561517905415,150.77443330176888
118,1.9567088607594936,199.7312336129964,768.9635014270106,455.80464230585216,976.9778177576321,810.7043731798151,1037.2533215678725,212.10794086460027,1239.6256866748051,286.41499042510986,762.8899955749512,1.0,406.284314557799,-26.695142203502655,243.07311201905313,-8.81184354794729,-6.811591736953782,-2.248449558386384,103.66840748773836,150.55128142185805
119,1.9732911392405064,199.6426322390639,768.9531421667241,455.27175140888625,977.4771457996827,810.283448260444,1037.2102432957645,211.70025761367242,1240.8565423836194,286.4215564727783,762.8656196594238,1.0,405.86338963842786,-26.68478294321619,243.03209435592112,-8.8528612110793,-6.808948445105764,-2.2589157163536,103.5610033510303,150.34582739170588
120,1.989873417721519,199.59839741186616,768.9235424903335,454.91742776620674,977.8384242876103,809.9248787863115,1037.1109598206492,211.3247435485914,1241.585875726078,286.43468856811523,762.7020263671875,1.0,405.50482016429544,-26.65518326682559,243.01654298999068,-8.868412577009735,-6.80139572597875,-2.2628838374020877,103.46950996813294,150.18699284200017
121,2.0064556962025315,199.54138204935728,768.8834357819859,454.74000450505963,978.063677534221,809.6029617468718,1036.9891227550463,210.99795470766443,1241.8557763608676,286.58435583114624,762.4435615539551,1.0,405.18290312485567,-26.615076558477995,243.06286894025175,-8.822086626748671,-6.791162009256273,-2.2510632051087938,103.3873689018252,150.08735397074855
122,2.0230379746835445,199.39028473226477,768.8409249017105,454.6643064668106,978.1773851786361,809.2898650504777,1036.872133154868,210.7037112245604,1241.7924760882356,286.8022906780243,762.2775077819824,1.0,404.86980642846163,-26.572565678202636,243.09628770514453,-8.788667861855885,-6.780314838688429,-2.2425359988827474,103.30747845382656,150.04460360435053
123,2.039620253164557,199.06026057579066,768.8022759539089,454.58864451787827,978.2154475111496,808.9647387490919,1036.7730515350747,210.3954422747396,1241.5539586356308,286.81735396385193,762.077579498291,1.0,404.5446801270758,-26.53391673040096,242.9388072698213,-8.946148297179121,-6.770453087382481,-2.282719056302044,103.22451850511742,150.0472032949205
124,2.0562025316455697,198.4864243161856,768.7715546027838,454.4308486158877,978.2141472562876,808.6203551197453,1036.6900279433896,210.00985703710808,1241.28314361663,287.5712585449219,761.9452285766602,1.0,404.20029649772925,-26.503195379275894,243.02884143055374,-8.856114136446678,-6.762614159240562,-2.259745740010505,103.1366448138624,150.08093449205867
125,2.0727848101265822,197.64312643350712,768.7508919374282,454.15632593204214,978.2023425952776,808.2647643274828,1036.6124918739356,209.4892913041504,1241.0787870477916,288.09181094169617,761.8928146362305,1.0,403.8447057054667,-26.48253271392025,242.86746868760164,-9.017486879398774,-6.7573418276857415,-2.3009219672837142,103.04591147804243,150.13382341116258
126,2.089367088607595,196.5531724453807,768.7410079500665,453.7825571162422,978.1978873779948,807.917455778683,1036.5297106482499,208.80534548394786,1240.9867598416376,288.2994782924652,761.648998260498,1.0,403.4973971566669,-26.472648726558646,242.42632536892296,-9.458630198077458,-6.754819807532141,-2.4134850756356836,102.9572914578476,150.19831010018626
127,2.105949367088608,195.28452512939634,768.7416408932846,453.36424960210064,978.2076591746511,807.6019304114736,1036.4367009990285,207.97437483632697,1241.007243184495,288.30894112586975,761.5053749084473,1.0,403.18187178945755,-26.473281669776725,241.79673312763305,-10.088222439367371,-6.7549813107285415,-2.5741332293607417,102.87678130481306,150.27078976472382
128,2.1225316455696204,193.93592046933807,768.7516725159796,452.9681330464189,978.2298693620193,807.338040383794,1036.3349119659151,207.05815807017024,1241.110388390071,288.3040165901184,761.4570236206055,1.0,402.9179817617779,-26.483313292471735,241.11996852972823,-10.764987037272192,-6.757541001841504,-2.7468179863030167,102.8094465396223,150.3494551624775
129,2.139113924050633,192.6156085514263,768.7689429807214,452.64665320572817,978.2573137041691,807.1370248515783,1036.2286556606532,206.14951211172607,1241.2535617126075,288.25267910957336,761.3470458984375,1.0,402.7169662295622,-26.500583757213462,240.43414383049983,-11.450811736500583,-6.761947771958378,-2.921814538808737,102.75815497024979,150.4317120838956
130,2.1556962025316455,191.41874000002315,768.7899482625951,452.41792084537263,978.2805819542968,807.0001898583556,1036.1206436383677,205.34879641720366,1241.3956578875807,288.27598214149475,761.4848899841309,1.0,402.5801312363395,-26.52158903908719,239.84736107075895,-12.037594496241468,-6.767307526304421,-3.0715393302021883,102.72323984966133,150.5123647284483
131,2.172278481012658,190.409247477514,768.8097219520458,452.2566666349958,978.2907225938544,806.9201882491334,1036.009945148972,204.7397366908461,1241.5063648861799,288.2650065422058,761.5054321289062,1.0,402.5001296271173,-26.541362728537933,239.3371270098599,-12.54782855714052,-6.772353024794184,-3.2017317856923238,102.7028264614813,150.58326732922995
132,2.188860759493671,189.61132871855372,768.8221888535467,452.09819181380175,978.2812753596066,806.8834257997212,1035.8935740007973,204.3719480131195,1241.569900857932,288.2090663909912,761.623363494873,1.0,402.4633671777051,-26.553829630038763,238.91019755477248,-12.974758012227937,-6.775534107052563,-3.310668053061376,102.69344607329165,150.63440207209734
133,2.2054430379746837,189.01296230572098,768.8211806624636,451.85496224162705,978.2497996032441,806.8730119046816,1035.770236091636,204.25507238908145,1241.5838183789047,288.2456624507904,761.7120552062988,1.0,402.4529532826655,-26.552821438955675,238.6293123782557,-13.255643188744727,-6.77527685477803,-3.382339338151722,102.69078884071875,150.6558358295322
134,2.2220253164556962,188.57945549327434,768.8021277369332,451.4437045101813,978.1989342184298,806.8721356288501,1035.6432726132864,204.3661217602498,1241.5542925239106,288.25831174850464,761.854076385498,1.0,402.452077006834,-26.533768513425343,238.4188836208895,-13.46607194611093,-6.770415268010001,-3.4360328069471424,102.69056524823262,150.6400423136337
135,2.238607594936709,188.2710837074559,768.764113381695,450.81856320434474,978.1366636611561,806.8672287941224,1035.5205566623429,204.66715744280083,1241.489725277624,288.35113763809204,761.87255859375,1.0,402.4471701721063,-26.495754158187083,238.31111067277396,-13.573844894226454,-6.760715440751071,-3.463532391600208,102.68931320939234,150.58440257040596
136,2.2551898734177214,188.0577830064298,768.7115343584641,450.00196665549805,978.0751129776824,806.8500460203862,1035.4114722642942,205.12645949630604,1241.3944457954278,289.0725016593933,761.9003677368164,1.0,402.42998739837014,-26.443175134956164,238.56514233291153,-13.319813234088883,-6.747299260479521,-3.3987131093530176,102.68492881470708,150.4937277349938
137,2.2717721518987344,187.92581962493932,768.6543288355892,449.10057051862185,978.0272651736917,806.8184680323733,1035.3231291574186,205.7352050154459,1241.2643044765864,290.198450088501,761.9725227355957,1.0,402.3984094103572,-26.38596961208134,239.06213485672015,-12.822820710280268,-6.732702572289894,-3.27189939385768,102.67687130519548,150.38210276815892
138,2.288354430379747,187.87493196009916,768.6059408273529,448.29295744477946,978.0017642130275,806.7763730039807,1035.2581236913363,206.51346705651753,1241.08635989175,290.6197714805603,762.2110748291016,1.0,402.3563143819646,-26.337581603845024,239.24735172032973,-12.637603846670686,-6.72035578070671,-3.2246390478333016,102.66613024431705,150.27262030702627
139,2.3049367088607595,187.90798236715918,768.5789619407071,447.7823099385226,977.9972973305345,806.7325464683561,1035.2148501846643,207.50232778815032,1240.8446696927265,290.6182265281677,762.2404289245605,1.0,402.31248784634,-26.31060271719923,239.26310444766347,-12.621851119336952,-6.713471788108064,-3.2206195469622076,102.65494736821007,150.19347413625007
140,2.321518987341772,188.01751847307293,768.5794408613338,447.7209353924556,977.9992373986966,806.6981468139037,1035.1899949441602,208.74244680263564,1240.531959104624,290.6385040283203,762.2658920288086,1.0,402.2780881918876,-26.31108163782585,239.32801125069662,-12.556944316303799,-6.71359399055816,-3.2040577830336865,102.64616987602683,150.17002116155908
141,2.3381012658227847,188.17457404088262,768.6017088157112,448.1298463904224,977.9812500123058,806.6827854235828,1035.1820687410607,210.24448632379472,1240.1628943886737,290.7814121246338,762.2730445861816,1.0,402.2627268015667,-26.333349592203263,239.4779930827582,-12.406962484242229,-6.719275931222861,-3.1657880858664718,102.64225022957653,150.2146386652908
142,2.3546835443037977,188.32500907716485,768.6258481429998,448.8481644769276,977.9128522190093,806.6904241469758,1035.1944545418316,211.9628308102859,1239.7815557656654,291.11908078193665,762.1880722045898,1.0,402.27036552495974,-26.357488919491857,239.72204492955075,-12.16291063744967,-6.725435375553262,-3.1035152749435024,102.64419934319234,150.3183840645034
143,2.3712658227848102,188.39758991942315,768.6194673324159,449.54533627304954,977.7709988938839,806.7168018576162,1035.2363950732079,213.7869042344468,1239.4566811142927,291.16777896881104,762.0052528381348,1.0,402.29674323560016,-26.351108108907965,239.78268444411708,-12.102271122883337,-6.7238072337618835,-3.088042361811812,102.6509299383871,150.44899254081412
144,2.387848101265823,188.3246787680587,768.5442744302484,449.80853292046066,977.5511668976823,806.7495974741524,1035.3208712747632,215.55928706232592,1239.2639515238118,291.69917821884155,762.0069122314453,1.0,402.32953885213635,-26.27591520674048,240.0119284934501,-11.873027073550304,-6.704620845947309,-3.029547941355875,102.65929814069534,150.55768445683324
145,2.4044303797468354,188.07041334204786,768.3662606130354,449.2827448813357,977.2726518086126,806.7715830424431,1035.4594661857855,217.1170808750717,1239.2617944357307,292.3993957042694,762.0619010925293,1.0,402.35152442042704,-26.097901389527465,240.23490452315863,-11.650051043841785,-6.659198445229299,-2.972652882699771,102.66490802709937,150.59338304438543
146,2.421012658227848,187.65483365925547,768.0665847318586,447.80921769251233,976.9746769299098,806.7660340385353,1035.6558011482023,218.33976722785155,1239.471091101053,292.8908836841583,762.3430252075195,1.0,402.3459754165192,-25.798225508350697,240.2728586717069,-11.612096895293519,-6.5827324822302264,-2.962968417913494,102.66349213094573,150.5193901822198
147,2.437594936708861,187.15990489526982,767.6493257716227,445.50008786990753,976.7040145614872,806.7226797837588,1035.9004410911014,219.1822412962181,1239.8674945833977,293.3132994174957,762.7538681030273,1.0,402.30262116174276,-25.38096654811477,240.2366021563828,-11.64835341061763,-6.476263759792028,-2.9722197108382438,102.65242976306824,150.32622701267059
148,2.4541772151898735,186.7085237967336,767.1430061412927,442.71261147920814,976.4992361379042,806.6417885804451,1036.1703328329588,219.67942009219132,1240.3894429089169,293.88020038604736,763.3624649047852,1.0,402.221729958429,-24.874646917784844,240.2943620913905,-11.590593475609921,-6.347070119094346,-2.957481557618222,102.63178938408528,150.03578626910578
149,2.470759493670886,186.4200535509055,766.5951780779043,439.9332655058292,976.378678750563,806.5343259197814,1036.4341017154004,219.92384926569096,1240.9585143192685,294.4484210014343,763.9603042602539,1.0,402.1142672977653,-24.32681885439638,240.4342372761699,-11.450718290830508,-6.207285094485688,-2.9217906950041495,102.60436897306714,149.69544513669067
150,2.4873417721518987,186.3595606869735,766.0620777183892,437.6234813230363,976.3371403924383,806.4178462766846,1036.661481860655,220.03014547292454,1241.5037998002517,294.0664315223694,763.7172889709473,1.0,401.9977876546685,-23.79371849488132,240.21299610467145,-11.67195946232897,-6.071258023486852,-2.978243083388699,102.57464776879733,149.36477492767702
151,2.5039240506329112,186.50389057647087,765.5967965967292,436.09162966846804,976.351513948939,806.3099457558337,1036.8326923109366,220.1027507016156,1241.9802778724268,292.68736839294434,763.6738014221191,1.0,401.88988713381764,-23.328437373221277,239.59562948470762,-12.289326082292803,-5.9525358597501,-3.13577172044031,102.54711563240197,149.10010852527955
152,2.5205063291139242,186.74154207890857,765.2392515794807,435.436042135618,976.3913753103614,806.2221831655809,1036.9434115662725,220.21688794587024,1242.3742853475612,291.2943685054779,763.5294342041016,1.0,401.8021245435648,-22.97089235597275,239.01795529219322,-12.867000274807197,-5.861303879545121,-3.2831723496029523,102.52472193507596,148.9422764093038
153,2.537088607594937,186.908635199763,765.0101629218999,435.5667505607284,976.4293796386004,806.1569170713925,1037.0033007471006,220.41327503710468,1242.6961801230564,290.0806796550751,763.2327461242676,1.0,401.7368584493764,-22.741803698392005,238.49465742741904,-13.390298139581375,-5.802849109193604,-3.416698194286172,102.5080684936188,148.91051561920906
154,2.5536708860759494,186.84810343612665,764.90980281046,436.28084691228037,976.4479671603216,806.1081957600621,1037.0293905759531,220.70152462108675,1242.966900370287,288.06068658828735,763.1079483032227,1.0,401.68813713804605,-22.64144358695205,237.454395012207,-14.43056055479343,-5.777241000400145,-3.68213386110919,102.49563665567833,149.00248865690392
155,2.570253164556962,186.4698291691854,764.9206955044615,437.35137434287975,976.4414220927457,806.0661978522811,1037.0381937268924,221.06706418976358,1243.2068067131481,286.9823098182678,762.850399017334,1.0,401.646139230265,-22.65233628095359,236.7260694937266,-15.158886073273806,-5.780020404378908,-3.8679750169896994,102.48492037631073,149.19832661494698
156,2.5868354430379745,185.7883172918435,765.0123154882834,438.5932980452053,976.414151395085,806.0229717139605,1037.0406293952767,221.47923030942871,1243.4312835235105,287.00403571128845,762.7666854858398,1.0,401.6029130919444,-22.743956264775534,236.39617650156598,-15.488779065434443,-5.803398362809842,-3.9521512450970557,102.47389069891247,149.4662639631083
157,2.6034177215189875,184.92193198116308,765.1457886034631,439.88588090608954,976.3767390519484,805.9761539155228,1037.0415451247889,221.90040261212576,1243.6518479244328,287.1315264701843,762.5146865844727,1.0,401.5560952935067,-22.877429379955174,236.0267292256737,-15.858226341326713,-5.837455659134858,-4.046420232035723,102.46194456554673,149.76812247978515
