frame,time,sh_x,sh_y,el_x,el_y,wr_x,wr_y,hip_x,hip_y,opp_sh_x,opp_sh_y,vis_sh,vis_el,vis_wr,vis_hip,wrist_forward_px,shoulder_elevation_px,mid_shoulder_x,trunk_x_displacement_px,shoulder_elevation_cm,trunk_x_displacement_cm,wrist_forward_cm,elbow_flexion_angle
0,0.0,177.80566056196452,749.0753350550914,64.80147642360699,1059.1488497768676,398.79364715372543,1109.4166516212713,100.71354728854463,1245.1877884798294,336.3798129558563,780.0479507446289,0.999944806098938,0.9597944021224976,0.76065993309021,0.999925971031189,-15.591617731777433,-6.806975831583486,257.0927367589104,5.207781191909987,-1.7368830618918552,1.3288290080740968,-3.9783917874609527,78.5351878555488
1,0.01658227848101266,176.62796011370395,747.3486428418466,64.32480776160232,1062.0736908873873,401.73618241660176,1107.1661549149069,107.51240885633693,1254.6736133052227,333.68602752685547,778.908519744873,0.9999463558197021,0.9615926742553711,0.7716048955917358,0.9999262094497681,-12.6490824689011,-5.08028361833874,255.1569938202797,3.272038253279277,-1.2962964442091394,0.8349005432947063,-3.2275679585594648,77.97414652946779
2,0.03316455696202532,175.48074201584717,745.6662723295879,63.870386866235776,1064.5974569057087,404.72736625192664,1105.040914095111,113.89845344948637,1262.9286877527993,333.44186067581177,778.472728729248,0.9999489188194275,0.9640550017356873,0.7869095802307129,0.9999260902404785,-9.657898633576224,-3.3979131060799546,254.46130134582947,2.576345778829051,-0.867019050126068,0.6573861073609536,-2.464330851932054,77.47908273614166
3,0.04974683544303798,174.39759493444615,744.0636117079143,63.54174801645197,1066.3992573989772,407.8315534799483,1103.105591933166,119.60919308236919,1269.0314514078432,333.15794348716736,778.5838508605957,0.9999507069587708,0.9664016962051392,0.8023838996887207,0.9999260902404785,-6.553711405554566,-1.7952524844064328,253.77776921080675,1.8928136438063348,-0.45808060864811984,0.48297453062650914,-1.672259548802774,77.10675321221652
4,0.06632911392405064,173.41386271743616,742.5612482371802,63.56412716952293,1067.301566340185,411.1367298985133,1101.3261485975727,124.63649504381374,1272.553769318293,329.8684501647949,778.2500839233398,0.9999520182609558,0.9685043096542358,0.8146186470985413,0.9999276399612427,-3.2485349869895686,-0.2928890136722657,251.64115644111553,-0.24379912588489105,-0.07473421082255109,-0.06220832609523184,-0.8289033977005766,76.90187686040942
5,0.08291139240506329,172.56095293736334,741.1646550492947,64.26609237353473,1067.3010702275676,414.75765986418276,1099.5723905173477,129.22168351743855,1273.6160132102693,328.0510711669922,777.5194931030273,0.9999518990516663,0.9701659083366394,0.826511561870575,0.9999259114265442,0.3723949786798926,1.1037041742132487,250.30601205217778,-1.5789435148226403,0.2816236068645453,-0.4028867318515908,0.09502112932465331,76.89169837185723
6,0.09949367088607595,171.85975720236723,739.870571627703,66.00167825515757,1066.5620708407923,418.8185493186604,1097.662245497402,133.75292509438069,1272.7948839418486,327.190500497818,776.8706703186035,0.999951958656311,0.9718085527420044,0.8378082513809204,0.9999251365661621,4.433284433157553,2.397787595804857,249.5251288500926,-2.359826716907804,0.6118248050542929,-0.6021386229372806,1.1312066960444809,77.08358310016995
7,0.11607594936708861,171.3162933734625,738.6778814920262,69.03401798796962,1065.3751045755778,423.41099532618307,1095.4305480305095,138.6101371185359,1270.9245175449719,326.8197441101074,776.8772506713867,0.9999526739120483,0.9733153581619263,0.8487808108329773,0.9999268054962158,9.025730440680206,3.5904777314816556,249.06801874178495,-2.816936825215464,0.9161542673583524,-0.7187758527707282,2.303025412677622,77.46349206830556
8,0.13265822784810127,170.92084965416956,737.5978338821623,73.42065586167887,1064.0904104142617,428.5418583425505,1092.7938395848319,144.02314410738308,1268.854718767884,327.08592653274536,779.4564056396484,0.999954104423523,0.9750415086746216,0.8605121970176697,0.999929666519165,14.15659345704762,4.670525341345638,249.00338809345746,-2.881567473542958,1.191741612755632,-0.7352671524516028,3.612227808353355,77.9938507555134
9,0.14924050632911393,170.6507847664272,736.6575400122717,78.94938574584329,1063.040499789471,434.09810680273665,1089.7857724761689,149.99487252532148,1267.2338596117713,326.98331594467163,782.3549652099609,0.9999558329582214,0.9765818119049072,0.8710386753082275,0.9999323487281799,19.71284191723379,5.610819211236162,248.8170503555494,-3.0679052114510057,1.431669083665085,-0.7828135032498607,5.029972498055754,78.61328247221128
10,0.16582278481012658,170.47674476205626,735.8932568696197,85.16524532103955,1062.4690393643261,439.85349086748533,1086.551725778433,156.30185261032338,1266.3730790217273,325.5363714694977,782.4859428405762,0.9999569058418274,0.9774662852287292,0.8806271553039551,0.9999304413795471,25.46822598198247,6.375102353888224,248.00655811577695,-3.8783974512234636,1.6266852667404752,-0.9896205021118057,6.498529070617999,79.24409183314081
11,0.18240506329113923,170.3711669564653,735.3356299850957,91.49857896924013,1062.4839545191041,445.52575089876586,1083.3074891155359,162.5507966163637,1266.22532257942,323.7911546230316,781.7225074768066,0.9999573230743408,0.9782140851020813,0.8891409039497375,0.9999280571937561,31.140486013263,6.9327292384122075,247.08116078974845,-4.803794777251966,1.768970580299452,-1.2257469378251844,7.94587553029912,79.81136805296589
12,0.1989873417721519,170.31631159580607,734.9941739793202,97.45470539823432,1063.0477741434468,450.8686229499322,1080.2784751569704,168.26822801021177,1266.4773254356328,321.37922644615173,781.2837982177734,0.9999577403068542,0.9791466593742371,0.896821141242981,0.9999239444732666,36.48335806442935,7.27418524418772,245.8477690209789,-6.03718654602153,1.8560972526259454,-1.5404619191701887,9.30917462186758,80.26896204184425
13,0.21556962025316456,170.30824300443467,734.8486104781538,102.78340075034268,1064.0066184459652,455.7629806055935,1077.6395823734142,173.0154813181425,1266.712909012005,318.7053322792053,780.9403038024902,0.9999581575393677,0.9800288677215576,0.9037421941757202,0.9999205470085144,41.377715720090634,7.419748745354127,244.50678764181998,-7.378167925180435,1.8932395586750612,-1.882629704307111,10.558029784760272,80.61875602764573
14,0.23215189873417721,170.35464228573167,734.8499961073405,107.54779999579311,1065.146084257543,460.27084594723505,1075.4710863154355,176.5150880264534,1266.5806638720471,318.2281029224396,779.7714042663574,0.9999591708183289,0.981048047542572,0.9105905294418335,0.9999193549156189,45.88558106173218,7.41836311616737,244.2913726040856,-7.593582962914809,1.8928859984562376,-1.937595483468779,11.708266710952673,80.91026230111063
15,0.24873417721518987,170.4673442412288,734.9288899555221,112.06582097048927,1066.2545975571036,464.63565178071167,1073.736636609496,178.7443280858656,1265.9028609722197,317.70153164863586,779.5864105224609,0.9999600052833557,0.9819151759147644,0.9164608120918274,0.9999185800552368,50.250386895208806,7.339469267985805,244.08443794493235,-7.800517622068071,1.8727552690421227,-1.990397390408715,12.822000255508057,81.21909392781205
16,0.26531645569620255,170.65296221402664,735.0052998011456,116.76451474659562,1067.1745963840178,469.2354761318738,1072.2831269176042,179.94327570764435,1264.6936435933362,317.3160982131958,778.6254501342773,0.9999604225158691,0.9825050234794617,0.9211118221282959,0.99991774559021,54.85021124637092,7.263059422362289,243.9845302136112,-7.90042535338921,1.8532583632341901,-2.015890068886958,13.99570164668115,81.61543869848695
17,0.28189873417721517,170.90551600864188,734.9968933491785,122.02092758335682,1067.8271585510827,474.50636673647006,1070.8628186940148,180.52342556445925,1263.0983091415806,314.9081289768219,777.535343170166,0.999961256980896,0.9831166863441467,0.9250279068946838,0.9999170899391174,60.12110185096719,7.271465874329351,242.9068224927319,-8.978133074268527,1.8554033721769942,-2.290880363017313,15.34063379257339,82.13782745529218
18,0.29848101265822785,171.20342697711988,734.8260248999953,128.0510435025101,1068.2050484027507,480.85017974579984,1069.1803762920822,180.9159826281756,1261.3003497024674,313.1803250312805,776.2735176086426,0.9999619722366333,0.9835241436958313,0.9282498359680176,0.9999173283576965,66.46491486029697,7.4423343235125685,242.1918760042002,-9.693079562800222,1.8990025449287242,-2.473307695920137,16.95933520070677,82.78307204545412
19,0.31506329113924053,171.51048703118383,734.4290585064874,134.87439103400254,1068.3412351120826,488.5383718299253,1066.9629376884063,181.4241493746157,1259.4488778481048,311.6881263256073,775.5817794799805,0.9999633431434631,0.9843465089797974,0.9316846132278442,0.9999193549156189,74.15310694442246,7.839300717020478,241.59930667839558,-10.28564888860484,2.0002933709993953,-2.624509000354223,18.92107135753726,83.51538815581877
20,0.33164556962025316,171.77845357801857,733.7703418693078,142.34910490962343,1068.2696658711343,497.6291033683433,1064.0390154899023,182.13436737752912,1257.6334386216142,310.96898317337036,775.4653930664062,0.9999651312828064,0.9852482080459595,0.9362194538116455,0.9999227523803711,83.24383848284043,8.498017354200101,241.37371837569447,-10.511237191305952,2.1683729702239307,-2.6820706123852953,21.24068259458953,84.28980479656653
21,0.34822784810126584,171.94954131132755,732.8580496774711,150.2487960876468,1067.9962017326316,507.9247678595052,1060.400430937016,182.91191831006967,1255.8975669348226,310.91169118881226,775.5560874938965,0.9999667406082153,0.9859217405319214,0.9396640062332153,0.9999260902404785,93.53950297400235,9.410309546036842,241.4306162500699,-10.454339316930515,2.4011554708088965,-2.6675524244696263,23.86774719832276,85.07859976524395
22,0.36481012658227846,171.9597398848325,731.7537799752083,158.341942758297,1067.4895564453277,518.9961312275985,1056.2207547813382,183.47275324262125,1254.263528694307,310.9886169433594,776.3285064697266,0.9999679327011108,0.9863864779472351,0.9425211548805237,0.9999285340309143,104.61086634209568,10.514579248299583,241.47417841409595,-10.410777152904473,2.6829233790657914,-2.6564370060065365,26.692740849228368,85.88764592864898
23,0.38139240506329114,171.7459213282771,730.5671687860607,166.4411752135564,1066.6909845178159,530.2792000266169,1051.8169979323545,183.499709458541,1252.7464550628704,310.81281423568726,777.0162963867188,0.9999697208404541,0.9871347546577454,0.9464608430862427,0.9999315142631531,115.89393514111401,11.701190437447167,241.27936778198216,-10.605587785018258,2.9857017238806787,-2.7061453192966938,29.57175372778835,86.75483294303547
24,0.3979746835443038,171.25881976424364,729.4327483975395,174.41146745768455,1065.5344681526074,541.2199803744801,1047.563307636409,182.7628266715756,1251.3543016427873,310.8340573310852,778.3732795715332,0.9999715089797974,0.9878656268119812,0.949917733669281,0.9999346733093262,126.83471548897722,12.835610825968388,241.04643854766442,-10.838517019335995,3.2751629481654914,-2.7655800597329327,32.3634275254111,87.73255427181246
25,0.41455696202531644,170.48013328317282,728.4756686128807,182.15009510886898,1063.9691041445383,551.4183720194408,1043.7866641767955,181.20669487338247,1250.083865159444,310.9209609031677,779.6164512634277,0.9999730587005615,0.9883488416671753,0.9527878761291504,0.9999364614486694,137.0331071339379,13.792690610627233,240.70054709317026,-11.18440847383016,3.519373550345101,-2.8538384909993613,34.965671773801645,88.86379914207423
26,0.4311392405063291,169.43740625627,727.7794813198846,189.56358956512997,1061.9791685279376,560.718280970774,1040.6844509036453,178.97869245597371,1248.9241189910997,310.87100744247437,779.7023391723633,0.999974250793457,0.9886793494224548,0.9551693201065063,0.9999387860298157,146.33301608527114,14.488877903623347,240.1542068493722,-11.730748717628217,3.6970142452773174,-2.99324388025898,37.33865718382176,90.16260414391401
27,0.44772151898734175,168.20831363963794,727.3682594978804,196.56327601339413,1059.5985607919872,569.209526459866,1038.2944257256318,176.39005762066253,1247.869274830337,310.68673968315125,779.6573066711426,0.9999750256538391,0.988787055015564,0.9562326073646545,0.9999414086341858,154.8242615743631,14.900099725627456,239.4475266613946,-12.437428905605827,3.801942518124305,-3.1735619655646143,39.50530222991392,91.60618876673247
28,0.46430379746835443,166.9090717538241,727.2078088143626,203.08613675788112,1056.9134619739016,577.1437331713644,1036.521735534002,173.82508584995784,1246.9340482994644,310.7620882987976,781.0605812072754,0.9999760389328003,0.9889417886734009,0.9575121402740479,0.9999445080757141,162.7584682858615,15.060550409145321,238.83558002631085,-13.049375540689567,3.842883470665681,-3.32970762724407,41.52981202511684,93.14136218521884
29,0.4808860759493671,165.669386875619,727.2225155033071,209.13114777354482,1054.0473294974076,584.8066733566241,1035.200762719806,171.63430728724975,1246.1600975578092,311.1509335041046,781.8780899047852,0.9999765753746033,0.9888828992843628,0.9582386016845703,0.9999467730522156,170.4214084711212,15.045843720200764,238.4101601898618,-13.474795377138605,3.839130879271748,-3.4382586969706166,43.48510485138383,94.70289672480226
30,0.49746835443037973,164.60398450313951,727.320689995886,214.79231424203633,1051.1315393726195,592.4098793422381,1034.1585488796359,170.05371427671685,1245.607306610374,311.16750955581665,781.9230079650879,0.9999771118164062,0.9889376163482666,0.9589307308197021,0.9999486207962036,178.02461445673526,14.947669227621873,237.88574702947807,-13.99920853752235,3.8140804578380583,-3.5720691229570734,45.42515576668373,96.23675293915667
31,0.5140506329113924,163.7926278330721,727.4221854642174,220.27188370721882,1048.2758845287324,600.0485408924917,1033.2548889224727,169.1784872696947,1245.3322901232139,311.0957658290863,781.5642929077148,0.9999775290489197,0.9888964891433716,0.9595602750778198,0.9999508857727051,185.66327600698884,14.846173759290537,237.44419683107918,-14.440758735921236,3.788182648860166,-3.684736051641556,47.374253602553914,97.71839647353508
32,0.5306329113924051,163.2751332034665,727.4840579596524,225.86537115395512,1045.5533261736844,607.7298474236196,1032.392053414925,168.9930276605318,1245.3628800821343,310.98697543144226,780.9620475769043,0.9999780654907227,0.9889894723892212,0.9605463743209839,0.9999532699584961,193.34458253811675,14.784301263855468,237.13105431745439,-14.753901249546033,3.7723951255932953,-3.7646381904664894,49.33423282639843,99.15856024720208
33,0.5472151898734178,163.05947290456848,727.5205238730506,231.91648016814366,1043.0026093588351,615.4355807139675,1031.502862920874,169.43385431854472,1245.6784767800916,309.9026119709015,779.8286819458008,0.9999785423278809,0.9889701008796692,0.9611647129058838,0.9999556541442871,201.05031582846465,14.747835350457308,236.48104243773497,-15.403913129265447,3.763090402191193,-3.9304966644564727,51.30044483634293,100.59478382436055
34,0.5637974683544303,163.13520612384198,727.6126669095408,238.74476683657088,1040.642470829006,623.1701978338236,1030.5337380440578,170.44969750093242,1246.2037947630415,308.93067598342896,779.0142059326172,0.9999791979789734,0.989082932472229,0.9624717235565186,0.9999582171440125,208.78493294832077,14.655692313967052,236.03294105363545,-15.852014513364963,3.739578980480448,-4.044835208225284,53.27402690833506,102.07290807496618
35,0.580379746835443,163.48342947679868,727.9027621251624,246.55842717180903,1038.489100863118,630.9639593496379,1029.4377802880697,172.0274388457639,1246.8201622683616,305.7218098640442,776.6319465637207,0.9999797344207764,0.9891912937164307,0.9634050130844116,0.9999603033065796,216.57869446413503,14.36559709834546,234.60261967042143,-17.282335896578985,3.6655576413695967,-4.4097991870952145,55.262700395676255,103.6259523240979
36,0.5969620253164557,164.07726732279005,728.5691599024791,255.37783737794828,1036.5694708515148,638.8336538889248,1028.1830243076065,174.17071660266103,1247.3939384582875,302.26539731025696,775.2493858337402,0.999980092048645,0.9891918301582336,0.9640446901321411,0.999962329864502,224.44838900342194,13.6991993210288,233.1713323165235,-18.713623250476928,3.4955181053787023,-4.775009645188915,57.270749121827016,105.25851102014855
37,0.6135443037974684,164.8722615148189,729.7817196248044,264.9991407969311,1034.9226626037446,646.7304823231345,1026.7686414053617,176.8435405942182,1247.8149713358132,301.2193036079407,773.4019088745117,0.9999802708625793,0.9890091419219971,0.9639343023300171,0.9999639391899109,232.34521743763167,12.486639598703505,233.04578256137978,-18.839173005620637,3.186118675243049,-4.80704519938054,59.28572139283245,106.94269382569205
38,0.6301265822784811,165.7925450266145,731.64540658715,275.0135931738018,1033.5836817445024,654.5125466656663,1025.2356778816734,179.9131774663358,1248.031724477626,301.20829582214355,773.3095550537109,0.9999802708625793,0.9890235662460327,0.9645095467567444,0.9999653100967407,240.1272817801634,10.622952636357923,233.50042042437903,-18.384535142621388,2.710576173307397,-4.691038793147361,61.27141020347593,108.62657399862024
39,0.6467088607594936,166.7234016962833,734.1487949377768,284.87908933956686,1032.5537328336056,661.9657942392323,1023.6628763675562,183.13172877502447,1248.0685637727593,300.24540424346924,773.1535148620605,0.9999803304672241,0.9890128970146179,0.9646984338760376,0.9999663233757019,247.58052935372945,8.119564285731144,233.48440296987627,-18.400552597124147,2.0718060452622153,-4.695125842390489,63.17319739751126,110.25080773714193
40,0.6632911392405063,167.51957140548845,737.1392790063353,294.02945139610875,1031.7723359149718,668.8698158240493,1022.1480167340942,186.17761784649284,1248.0169772430336,300.1271188259125,772.7621841430664,0.9999797344207764,0.9885671734809875,0.9638575911521912,0.9999674558639526,254.48455093854642,5.1290802171726,233.82334511570048,-18.06161045129994,1.3087474926760982,-4.608640612148913,64.9348428692001,111.76698274602462
41,0.679873417721519,168.03073779510086,740.3416848441815,302.0012207023992,1031.1097214684487,675.0790117017484,1020.7831458777073,188.74446726028955,1248.0035599335513,300.1586937904358,772.1614837646484,0.9999792575836182,0.9884079694747925,0.9642423391342163,0.999968409538269,260.69374681624555,1.926674379326414,234.09471579276834,-17.790239774232077,0.49161451105880993,-4.539397067856256,66.51919507123156,113.15223356388282
42,0.6964556962025317,168.1363905383695,743.4205604399963,308.54696858688374,1030.3887103333293,680.5800859546819,1019.6336231222109,190.63587071205325,1248.1481977860499,300.311096906662,771.2867546081543,0.9999787211418152,0.9880463480949402,0.9642871022224426,0.9999693036079407,266.194821069179,-1.152201216488379,234.22374372251574,-17.661211844484683,-0.2939982198150855,-4.5064740149126274,67.92286138774716,114.41613034255491
43,0.7130379746835444,167.77801832550236,746.0660682925673,313.69520774196604,1029.4298522422519,685.4975486549127,1018.7274237680266,191.81983053918242,1248.5307889298283,300.65211296081543,770.1171112060547,0.9999786615371704,0.9879997968673706,0.9649496078491211,0.9999706149101257,271.1122837694099,-3.7977090690593514,234.21506564315888,-17.669889923841538,-0.9690318754235718,-4.508688332903113,69.177612085096,115.59722589574787
44,0.7296202531645569,166.97815509808262,748.0716871334382,317.72855030816197,1028.1018869124532,690.043696719905,1018.0562077949442,192.41942280161723,1249.1802667260524,301.5603840351105,769.8473739624023,0.9999781250953674,0.9880197644233704,0.965469479560852,0.9999712109565735,275.65843183440217,-5.803327909930317,234.26926956659656,-17.615686000403855,-1.4807900305145374,-4.4948575394881916,70.33761731595057,116.74962850821994
45,0.7462025316455696,165.8398533117317,749.3765459035614,321.087060479329,1026.3574163621074,694.4373230117153,1017.5853920369343,192.6503893648902,1250.0862979608264,302.25651383399963,768.8147735595703,0.9999774694442749,0.9880321621894836,0.9666253924369812,0.9999710321426392,280.05205812621244,-7.10818668005345,234.04818357286567,-17.83677199413475,-1.8137406905524598,-4.551270332369137,71.45870475262402,117.92459929043788
46,0.7627848101265823,164.52500879880927,750.0617753663867,324.2392913956133,1024.2404832191346,698.8309140325629,1017.2678575440613,192.73959492836187,1251.21980179939,302.67802834510803,767.6545143127441,0.9999770522117615,0.9882407188415527,0.9680965542793274,0.9999716281890869,284.44564914706,-7.793416142878755,233.60151857195865,-18.283436995041768,-1.988585361216387,-4.665242365414366,72.57978318948032,119.15523197034074
47,0.779367088607595,163.21627063715977,750.3075211976534,327.5717170122847,1021.8645154543761,703.277952999247,1017.0560498308697,192.8593375843478,1252.5445247043597,303.8143730163574,766.9341087341309,0.9999766945838928,0.9883629679679871,0.9694239497184753,0.9999721050262451,288.8926881137441,-8.039161974145486,233.5153218267586,-18.369633740241824,-2.05129041297774,-4.687236518241167,73.71449952282887,120.45048129370818
48,0.7959493670886076,162.07406196919317,750.3281610147347,331.3259193080658,1019.3708967069939,707.74658626366,1016.9098020281316,193.09640828396115,1254.0117101086419,304.04186725616455,766.8718528747559,0.9999762773513794,0.9885522127151489,0.9707098007202148,0.9999719858169556,293.36132137815713,-8.059801791226846,233.05796461267886,-18.82699095432156,-2.05655691451618,-4.803936800131891,74.85472590511647,121.7989482519798
49,0.8125316455696202,161.2033374663487,750.3075770772225,335.58456057115893,1016.8852199182807,712.1633160835197,1016.7999287908304,193.45503853456648,1255.5448088844666,305.85992217063904,767.8048896789551,0.9999758005142212,0.9887745976448059,0.9718461036682129,0.9999720454216003,297.77805119801684,-8.039217853714604,233.53162981849385,-18.353325748506563,-2.0513046713326255,-4.683075334872919,75.9817084892874,123.17764688635316
50,0.8291139240506329,160.64048208141048,750.35479374676,340.2923350385502,1014.4869417260162,716.4634054929736,1016.7086763660997,193.88007896254467,1257.029879611839,307.6671302318573,768.1997108459473,0.9999751448631287,0.9890709519386292,0.9731124043464661,0.9999719262123108,302.07814060747074,-8.086434523252137,234.1538061566339,-17.731149410366527,-2.0633525815335365,-4.524319439455859,77.07892884744513,124.5603258250846
51,0.8456962025316456,160.36110716670703,750.4921243646966,345.2976289178972,1012.20033346302,720.6299256463467,1016.627890657545,194.28390680958793,1258.325382211756,307.6983833312988,768.4360885620117,0.9999750852584839,0.9894453287124634,0.9744150042533875,0.9999719262123108,306.24466076084383,-8.223765141188665,234.02974524900293,-17.85521031799749,-2.098394166824079,-4.555975096011498,78.1420673777521,125.92284952681298
52,0.8622784810126582,160.30138043912905,750.6750158188289,350.4041859703263,1010.0058664709786,724.7107454189361,1016.555633610368,194.56575373730064,1259.2944433851155,306.5744626522064,767.8958129882812,0.9999749660491943,0.9897916316986084,0.9756320714950562,0.9999719858169556,310.3254805334332,-8.40665659532101,233.43792154566773,-18.447034021332684,-2.145061156204787,-4.7069861457613085,79.18333840867848,127.24580876716311
53,0.8788607594936709,160.3841404978899,750.831204440037,355.42360823844786,1007.8654873903754,728.8078252718745,1016.4923898432373,194.6218717246567,1259.8488687583042,302.3281931877136,766.790657043457,0.9999745488166809,0.9901033043861389,0.9767695665359497,0.9999714493751526,314.4225603863717,-8.562845216529126,231.35616684280177,-20.528788724198648,-2.1849145914671704,-5.238171296389423,80.22875839779746,128.5150510814748
54,0.8954430379746835,160.5445219941761,750.9021433382683,360.2200743536998,1005.7521501167507,733.0395690470556,1016.4383263414898,194.35416935726334,1259.9852616995402,299.60981726646423,764.1904449462891,0.9999743700027466,0.9904215335845947,0.9780169725418091,0.9999711513519287,318.6543041615527,-8.633784114760374,230.07716963032016,-21.80778593668026,-2.203015518195224,-5.564523063977444,81.30853953221474,129.72060629485281
55,0.9120253164556962,160.75216876758708,750.8722633853164,364.7394763435121,1003.6722340251686,737.4877623379706,1016.392592348379,193.687431713866,1259.7955891709857,299.569616317749,763.6481094360352,0.99997478723526,0.9907734394073486,0.9793534874916077,0.9999714493751526,323.10249745246773,-8.603904161808487,230.16089254266805,-21.724063024332366,-2.1953912830787337,-5.543160139832099,82.44355040549618,130.85498270125214
56,0.9286075949367089,161.02573212417283,750.7781570019819,369.01515461878967,1001.6710042817516,742.150444087918,1016.3544862079992,192.59747036160317,1259.4460226065294,299.67180848121643,763.2125473022461,0.9999744892120361,0.9910752773284912,0.980544924736023,0.9999707341194153,327.76517920241514,-8.509797778473967,230.34877030269462,-21.5361852643058,-2.1713788894293784,-5.49522083357186,83.63329063006108,131.91214991422095
57,0.9451898734177215,161.43368991915037,750.697052722224,373.14344670251023,999.8182857349469,746.9224685996213,1016.3252805056244,191.13875360773312,1259.1317682183567,299.66237783432007,763.2302856445312,0.9999746680259705,0.9912976622581482,0.9815745949745178,0.9999709725379944,332.53720371411845,-8.428693498716143,230.54803387673522,-21.3369216902652,-2.1506841413880102,-5.444376297735945,84.85093099641186,132.88743428408637
58,0.9617721518987342,162.07818486302645,750.7201936419535,377.2303206309167,998.1813614261686,751.6151402375083,1016.3092681881387,189.45220311758735,1259.0243817897654,299.36323642730713,763.2657623291016,0.9999748468399048,0.9915032386779785,0.9825756549835205,0.9999709129333496,337.2298753520054,-8.451834418445628,230.72071064516678,-21.164244921833642,-2.1565888298295723,-5.400315710231079,86.04832350734871,133.77706132648393
59,0.9783544303797468,163.06562265816294,750.920916592698,381.32615500802115,996.798181725696,756.0107757311753,1016.3132133095437,187.7418946708592,1259.2277270199331,295.2292335033417,762.9048728942871,0.9999749064445496,0.9915265440940857,0.9832137227058411,0.999970555305481,341.6255108456724,-8.652557369190049,229.14742808075232,-22.737527486248098,-2.207805743464454,-5.80175798141152,87.16992361642751,134.5763428268261
60,0.9949367088607595,164.4745746638876,751.328735034631,385.379044858148,995.662323192125,759.9338578727159,1016.3443775798485,186.22881053444888,1259.7522105342182,292.4784457683563,762.216682434082,0.9999745488166809,0.9916338324546814,0.9839038848876953,0.9999693036079407,345.548592987213,-9.060375811123095,228.47651021612197,-23.408445350878452,-2.311865602298396,-5.972950872914124,88.1709459633024,135.27758483435497
61,1.0115189873417723,166.3328105397797,751.9190564208003,389.235318140204,994.724150396731,763.3128384542649,1016.4080346292774,185.10323563476723,1260.512161412291,286.0859799385071,761.3665008544922,0.9999725818634033,0.9917522072792053,0.984489917755127,0.9999642372131348,348.92757356876206,-9.650697197292402,226.2093952391434,-25.675560327857028,-2.4624933174656283,-6.551432962508882,89.03313414844669,135.8703946622379
62,1.0281012658227848,168.60922076172875,752.6226610057305,392.69609350060796,993.9057333699998,766.2088121694512,1016.5055507907723,184.49321971426227,1261.3503238674698,284.4751739501953,761.6370964050293,0.9999691843986511,0.9917876720428467,0.9849238395690918,0.9999566674232483,351.82354728394836,-10.354301782222592,226.54219735596203,-25.342758211038387,-2.642026625071101,-6.4665144356967215,89.77207722949198,136.34631356839301
63,1.0446835443037974,171.2171644577134,753.3504389156383,395.60957744674545,993.1233592031977,768.7985173612992,1016.6338000077792,184.45130923871943,1262.088355183873,284.2570459842682,761.755313873291,0.9999664425849915,0.9917005300521851,0.98526531457901,0.9999525547027588,354.41325247579636,-11.082079692130378,227.7371052209908,-24.14785034600962,-2.827728051932761,-6.161619092648761,90.43287215433128,136.7069499205361
64,1.0612658227848102,174.02163546992466,754.0213628361806,397.9566451006121,992.3105215679324,771.3157362180203,1016.7861501462042,184.95113729497604,1262.5886525086494,284.1776418685913,761.7720794677734,0.9999649524688721,0.9917392730712891,0.9857613444328308,0.9999498724937439,356.93047133251747,-11.753003612672728,229.09963866925798,-22.785316897742433,-2.998922488675311,-5.813952033721382,91.07517130500958,136.97194819724717
65,1.0778481012658228,176.84782360127753,754.5810010207042,399.88649054969704,991.4347549539536,773.9718259175628,1016.954684075872,185.88720862629265,1262.8016190633534,284.47330713272095,761.9950103759766,0.9999640583992004,0.9918200969696045,0.9863566160202026,0.9999481439590454,359.58656103205993,-12.312641797196306,230.66056536699924,-21.22439020000118,-3.1417210100064485,-5.41566251290625,91.75290504817868,137.18200733453568
66,1.0944303797468355,179.49732049150853,755.0053184437666,401.68133893600594,990.5034715655175,776.8857079591228,1017.1328190800002,187.0804146033521,1262.7774363812377,284.672509431839,761.9684600830078,0.9999638795852661,0.9918349385261536,0.9867691993713379,0.999948263168335,362.5004430736199,-12.736959220258655,232.08491496167375,-19.80004060532667,-3.2499907854863404,-5.052222308854992,92.49641765753064,137.39335686215495
67,1.1110126582278481,181.77968099382886,755.2945724912541,403.6614623701075,989.5575146699593,780.0504150717497,1017.3172009893148,188.29851401482384,1262.640687866349,284.86849308013916,761.9260025024414,0.9999634623527527,0.9919416904449463,0.9873104691505432,0.9999468922615051,365.6651501862469,-13.026213267746243,233.324087036984,-18.56086853001642,-3.3237974902690692,-4.736032411663148,93.30393134874522,137.66327849621356
68,1.1275949367088607,183.55721987532763,755.4673153296433,406.0682323374168,988.6556425794706,783.3478946934155,1017.5078484430547,189.29861077884718,1262.544169563673,285.0299084186554,761.9070625305176,0.9999626874923706,0.9919153451919556,0.9876291155815125,0.9999457597732544,368.9626298079126,-13.19895610613537,234.2935641469915,-17.591391420008904,-3.3678749363309572,-4.4886584804305745,94.14532356806686,138.03091424726978
69,1.1441772151898735,184.78720996525644,755.5616758131117,408.9749333982098,987.8561842114921,786.6036051165962,1017.7061594386192,189.88804623731008,1262.6225582957584,285.19837260246277,761.9951820373535,0.9999613761901855,0.9919055700302124,0.9879161715507507,0.999943733215332,372.21834023109335,-13.293316589603819,234.99279128385962,-16.8921642831408,-3.3919521667344843,-4.31024213218877,94.97605786599252,138.50217194079977
70,1.160759493670886,185.54038879324375,755.6429435172132,412.26844466403236,987.2018058170478,789.6570559818259,1017.9114878123319,189.98728238053533,1262.9581085898112,282.78332233428955,762.1294784545898,0.9999608993530273,0.9920182824134827,0.9884533882141113,0.9999416470527649,375.27179109632306,-13.374584293705311,234.16185556376666,-17.723100003233753,-3.4126886144941184,-4.522265534865466,95.7551831661778,139.04821271106957
71,1.1773417721518988,185.98336546560526,755.8088165008538,415.7168624199424,986.710428414315,792.4200931699952,1018.118067787998,189.67097028663505,1263.5595449732807,282.23042249679565,762.6217460632324,0.9999600052833557,0.9917320013046265,0.9885046482086182,0.9999403357505798,378.03482828449233,-13.540457277345922,234.10689398120047,-17.778061585799946,-3.4550131331701044,-4.536289654265311,96.46020586792466,139.62071881668876
72,1.1939240506329114,186.32906581187657,756.1816147059029,419.0954539237434,986.3723768548357,794.9017985728705,1018.3143578265431,189.1658555743977,1264.351712603683,281.97325229644775,763.5311508178711,0.9999597668647766,0.9916362166404724,0.9887152910232544,0.9999392032623291,380.5165336873676,-13.913255482395016,234.15115905416218,-17.73379651283824,-3.5501371506301207,-4.524994879998027,97.09344332689427,140.17698434739683
73,1.210506329113924,186.7733233448482,756.8822177059792,422.3088008817585,986.152655802689,797.1933731260566,1018.4858459360142,188.79604800179723,1265.1784910336557,281.7837703227997,764.1633796691895,0.9999598264694214,0.9917007088661194,0.9890462160110474,0.9999376535415649,382.80810824055374,-14.6138584824713,234.27854683382395,-17.606408733176465,-3.728904567181979,-4.492490331390708,97.67816657624442,140.70170294997556
74,1.2270886075949368,187.44090753325327,757.9909920413329,425.44481157344535,985.9975080677589,799.4222191467195,1018.6203281037189,188.88485004914398,1265.8262202339672,277.28580236434937,765.8984756469727,0.9999597072601318,0.9918002486228943,0.9893974661827087,0.9999354481697083,385.03695426121664,-15.722632817825001,232.36335494880132,-19.521600618199102,-4.011821887616808,-4.981174943716521,98.24688387400423,141.21439512642934
75,1.2436708860759493,188.3596523095242,759.5106104114982,428.73012185020997,985.8445263106622,801.6951392223918,1018.712968841422,189.64378465692178,1266.0695471427678,275.31116008758545,766.0737419128418,0.9999606609344482,0.9921199679374695,0.9899701476097107,0.9999365210533142,387.309874336889,-17.24225118799029,231.83540619855484,-20.049549368445582,-4.399571083880049,-5.115887518659918,98.82684720546663,141.759020427154
76,1.2602531645569621,189.46917439372183,761.3485353089703,432.4073258371205,985.6347234672646,804.0524412507099,1018.7683786961549,191.09421001042665,1265.7274239320602,274.2746901512146,766.1488723754883,0.9999610781669617,0.9923839569091797,0.9904083013534546,0.9999372363090515,389.667176365207,-19.080176085462426,231.8719322724682,-20.013023294532218,-4.868540080161334,-5.106567444567225,99.42834162325957,142.3807578899052
77,1.2768354430379747,190.65637548230958,763.3306313916248,436.59528791650223,985.3237317192701,806.4490484686698,1018.7985092603503,193.06085450792472,1264.7071906296726,272.8130042552948,766.2505531311035,0.999961256980896,0.9926722645759583,0.9908651113510132,0.9999375343322754,392.063783583167,-21.06227216811692,231.7346898688022,-20.15026569819821,-5.374296116054873,-5.141586520908699,100.03986524048301,143.10112542153797
78,1.2934177215189873,191.80050250515006,765.2440400425859,441.2027757104328,984.8887053252046,808.7690087552814,1018.8172144931553,195.244899447865,1263.0196441672201,272.2849202156067,766.8992042541504,0.9999617338180542,0.9929457306861877,0.9913075566291809,0.9999375939369202,394.3837438697786,-22.97568081907798,232.04271136037838,-19.84224420662204,-5.8625257144194824,-5.062991073436269,100.63183145657872,143.90392483110043
79,1.31,192.81041266131072,766.8933092026587,445.9376618607239,984.3282479953953,810.868572032955,1018.833732574666,197.34333695604664,1260.7634835920037,272.2038745880127,767.2249603271484,0.9999619126319885,0.9932137131690979,0.9917487502098083,0.9999366402626038,396.4833071474521,-24.624949979150756,232.5071436246617,-19.377811942338724,-6.283356894007295,-4.944485506031878,101.16756068268249,144.73905573332334
80,1.3265822784810126,193.64472341827272,768.1471147116681,450.4055942744166,983.655301175966,812.6325774687112,1018.847717079363,199.15862783189309,1258.0909336085708,272.1523118019104,767.4406242370605,0.9999614357948303,0.9934401512145996,0.9921289682388306,0.9999347925186157,398.2473125832084,-25.87875548816021,232.89851761009157,-18.986437956908844,-6.603280690622072,-4.844621651219258,101.61766822504136,145.54130850406924
81,1.3431645569620254,194.31570562558187,768.9588702525863,454.25122880558825,982.8869863541474,814.0233189991313,1018.8479301605672,200.6522427659835,1255.1700533400326,271.60974383354187,767.4102973937988,0.9999603033065796,0.993621826171875,0.9924283027648926,0.9999319911003113,399.63805411362847,-26.69051102907838,232.96272472956187,-18.922230837438548,-6.81041003620837,-4.8282384201016475,101.9725329208213,146.25349290690122
82,1.359746835443038,194.8830750411045,769.3594346609774,457.2810585326322,982.0382109842124,815.1036293374083,1018.8155741475541,201.9277026305551,1252.1545841426953,271.63790702819824,766.7151260375977,0.9999604821205139,0.9938827157020569,0.9928287863731384,0.9999322891235352,400.7183644519054,-27.0910754374695,233.26049103465135,-18.624464532349066,-6.912618939742763,-4.752259708775485,102.24818730458357,146.84285808564138
83,1.3763291139240506,195.4415430349493,769.4331059291029,459.52019943701765,981.1238516333589,816.0252606426781,1018.7317451706389,203.16132156036028,1249.1650210305954,270.11525988578796,765.0504112243652,0.9999601244926453,0.9939963221549988,0.9930202960968018,0.9999319911003113,401.6399957571752,-27.164746705595007,232.77840146036863,-19.10655410663179,-6.931417064037781,-4.875270754591338,102.48335279408113,147.30552573773167
84,1.3929113924050633,196.1005226999109,769.2906007399575,461.18459585542286,980.1672598703465,816.9852386642187,1018.5869581741298,204.515967114871,1246.2801051242443,270.2210569381714,764.0834426879883,0.9999602437019348,0.9941093921661377,0.99324631690979,0.999933660030365,402.5999737787159,-27.02224151644964,233.16078981904116,-18.724165747959262,-6.895055123672157,-4.777699692246544,102.7283029168164,147.66042420790947
85,1.409493670886076,196.95375291521117,769.0461228846642,462.5821733531035,979.2059695499476,818.1633808446613,1018.3895996263739,206.0725547812284,1243.5376050784841,277.8410518169403,764.0968894958496,0.9999592900276184,0.9940773248672485,0.9931579232215881,0.9999342560768127,403.77811595915847,-26.777763661156314,237.39740236607574,-14.48755320092468,-6.832673611474567,-3.696676231196427,103.02892029057239,147.93806044959098
86,1.4260759493670887,198.04433625676143,768.7985420294872,463.9826308787443,978.2858722159075,819.6615141275574,1018.1700976058767,207.80229233787932,1240.9447355008806,281.0220444202423,764.0359497070312,0.9999590516090393,0.9940256476402283,0.9931286573410034,0.9999340772628784,405.2762492420546,-26.53018280597928,239.53319033850187,-12.35176522849855,-6.769500330939258,-3.1517038315755608,103.4111873042799,148.16962926941514
87,1.4426582278481013,199.340753287566,768.6157183965383,465.50917033171777,977.444339450587,821.4662846279746,1017.9787854026401,209.5860114765682,1238.4988206247485,283.0467689037323,762.7197647094727,0.9999592900276184,0.9941915273666382,0.9933196306228638,0.999933123588562,407.0810197424717,-26.34735917303044,241.19376109564917,-10.691194471351253,-6.722850646962269,-2.727988911393285,103.87169655101943,148.37976256275843
88,1.4592405063291138,200.740314280338,768.5248333296751,467.0990386447002,976.693551259661,823.4503756403338,1017.8773843740595,211.26843367086457,1236.216257326378,281.67346715927124,762.220573425293,0.9999601244926453,0.9943041801452637,0.9935410618782043,0.9999339580535889,409.065110754831,-26.25647410616716,241.20689071980462,-10.678064847195799,-6.699660211573722,-2.724638727351379,104.37796161760437,148.5835974480591
89,1.4758227848101266,202.1029925101228,768.5137852577159,468.5495426708603,976.0173912294944,825.4124897653952,1017.9260163026793,212.72050553499054,1234.161771833582,281.4890384674072,761.3103103637695,0.9999610185623169,0.9944965243339539,0.9937594532966614,0.9999352693557739,411.02722487989234,-26.24542603420798,241.79601548876502,-10.088940078235396,-6.696841161010412,-2.574316343687172,104.87861901284666,148.78712590252485
90,1.4924050632911392,203.2996578390343,768.545120429115,469.62359697443105,975.385891513123,827.1405231336105,1018.169338045275,213.8810764923274,1232.4627268835095,282.97763228416443,761.227855682373,0.9999617338180542,0.9946485757827759,0.9939317107200623,0.9999366402626038,412.7552582481076,-26.276761205607045,243.13864506159936,-8.746310505401055,-6.704836712895874,-2.231728001793709,105.31954784260847,148.98929963335922
91,1.508987341772152,204.25051755488454,768.5770651305094,470.1602567588807,974.7782302453016,828.4732919113841,1018.6263651632719,214.7631428026257,1231.2925987130109,287.05244421958923,760.9990310668945,0.9999622106552124,0.9947190284729004,0.9940133094787598,0.9999373555183411,414.0880270258812,-26.308705907001467,245.6514808872369,-6.233474679763532,-6.7129877938078595,-1.5905472350552514,105.6596200821473,149.1848295560515
92,1.5255696202531646,204.93851844301176,768.5821801407546,470.1403579477881,974.1993434041744,829.3389951034956,1019.2877696898022,215.43003406234155,1230.8201435018468,286.728937625885,760.964412689209,0.9999629259109497,0.9947540760040283,0.9940494894981384,0.9999366402626038,414.9537302179927,-26.313820917246744,245.83372803444837,-6.051227532552048,-6.714292951175277,-1.5440446484585686,105.88051483015383,149.3673796509426
93,1.5421518987341771,205.39908112281358,768.5562301086001,469.68815184583235,973.6801911701633,829.7609331706784,1020.1213516540803,215.9596649018283,1231.140985080031,285.92845916748047,760.9467315673828,0.9999640583992004,0.9949033260345459,0.9942135214805603,0.999937117099762,415.37566828517555,-26.28787088509216,245.66377014514703,-6.2211854218533915,-6.707671483372245,-1.5874114807297688,105.98817748390631,149.53298816403657
94,1.55873417721519,205.69807573993893,768.5157930136197,469.02231106951524,973.262792879247,829.835105641107,1021.0824683021493,216.41490245049923,1232.2219704918575,283.7645924091339,760.9537124633789,0.9999651908874512,0.9950063824653625,0.9942789077758789,0.999937891960144,415.44984075560416,-26.247433790111813,244.73133407453642,-7.153621492463998,-6.697353464463231,-1.825333938133854,106.00710349609345,149.68284715200173
95,1.5753164556962025,205.90972948868415,768.4883943690842,468.38584740534793,972.9799105028973,829.6931196412311,1022.1241214251748,216.82915425459993,1233.8858174353861,283.61881971359253,761.0950469970703,0.9999659657478333,0.995006799697876,0.9943165183067322,0.9999385476112366,415.3078547557282,-26.220035145576276,244.76427460113834,-7.120680965862078,-6.690362365509748,-1.8169287602515989,105.9708740332142,149.82404683706937
96,1.5918987341772153,206.09994479472834,768.5008042040337,467.98217531987257,972.840460939731,829.4650503885631,1023.2025344675903,217.2058689322481,1235.8464451365899,283.6666488647461,761.0993385314941,0.9999662637710571,0.99493408203125,0.9942817687988281,0.9999390244483948,415.07978550306024,-26.23244498052577,244.88329682973722,-7.001658737263199,-6.693528886540224,-1.7865587842215938,105.91267937648288,149.96748033648407
97,1.6084810126582278,206.3148683507806,768.5698157846139,467.9317946042745,972.826435901738,829.2525342610822,1024.2774334238175,217.52505139086455,1237.783477180889,283.60877752304077,761.0727310180664,0.9999668598175049,0.994915783405304,0.9943913221359253,0.999940037727356,414.8672693755794,-26.301456561105965,244.9618229369107,-6.923132630089725,-6.711138034618577,-1.766521888419338,105.8584532896959,150.12343488881243
98,1.6250632911392404,206.57274925007627,768.6973221778204,468.25105732973856,972.9002872734592,829.1159788827687,1025.309686098685,217.75107004309814,1239.4278279326854,283.66310834884644,761.1103248596191,0.9999673962593079,0.9948403835296631,0.9944230318069458,0.9999411106109619,414.7307139972658,-26.42896295431251,245.11792879946137,-6.7670267675390505,-6.7436728489212525,-1.726689570039678,105.82360951626826,150.29643743778712
99,1.6416455696202532,206.85869238152915,768.8696542898879,468.8482227761509,973.0175504799905,829.0742205061538,1026.2605695912287,217.840546681478,1240.6258792798878,283.6301815509796,761.1125564575195,0.9999675154685974,0.9947051405906677,0.9943329691886902,0.9999416470527649,414.6889556206509,-26.601295066379976,245.2444369662544,-6.64051860074602,-6.787645493143261,-1.6944094654043294,105.81295435620467,150.48120973389214
100,1.6582278481012658,207.12438681715867,769.0604486429366,469.5335553711409,973.1389352784477,829.1118837503743,1027.0957897027076,217.75191812282972,1241.359023947374,283.6081337928772,761.1139297485352,0.9999672770500183,0.9945670962333679,0.9941936135292053,0.9999414086341858,414.72661886487145,-26.79208941942875,245.36626030501793,-6.5186952619824865,-6.836329003752692,-1.663324751887391,105.822564593197,150.66130044452913
101,1.6748101265822786,207.29583247108948,769.2362263364482,470.04549327774316,973.2379928130988,829.1894984620031,1027.7938613470035,217.45735345587477,1241.7140736097992,283.64598512649536,761.1150741577148,0.9999666213989258,0.9943658113479614,0.9938891530036926,0.9999407529830933,414.8042335765003,-26.967867112940326,245.47090879879244,-6.414046768207982,-6.881180830183762,-1.6366224099389917,105.84236893528916,150.81133449074363
102,1.6913924050632911,207.2903770101821,769.3637311242057,470.0977652812421,973.3030981407936,829.2533210213223,1028.3547722178882,216.95472310691437,1241.8198989265543,283.55486512184143,761.0817718505859,0.9999661445617676,0.9941989183425903,0.9936575293540955,0.999940037727356,414.8680561358195,-27.09537190069784,245.42262106601177,-6.462334500988646,-6.9137152348365,-1.6489436150143426,105.85865404118505,150.90294345144522
103,1.7079746835443037,207.0405264859225,769.4176680833508,469.4479268110231,973.334702555124,829.244290558748,1028.8038268757552,216.27513638851713,1241.7779695518184,283.50088834762573,761.074161529541,0.9999656081199646,0.994143545627594,0.9935644268989563,0.9999375343322754,414.8590256732452,-27.149308859842904,245.27070741677412,-6.614248150226302,-6.927477909049965,-1.6877062389400521,105.85634980831065,150.91336901210235
104,1.7245569620253165,206.51785206777012,769.3870248164576,467.9757057217053,973.3401016003361,829.107185062938,1029.1879288216658,215.48216053545863,1241.6147422471115,284.29792284965515,761.1339569091797,0.9999656081199646,0.9941979050636292,0.9935954213142395,0.9999362230300903,414.72192017743515,-27.118665592949696,245.40788745871265,-6.477068108287767,-6.9196589050539625,-1.6527030749553742,105.82136566568158,150.83456569974192
105,1.741139240506329,205.74821400623776,769.2781047044466,465.74561059109965,973.3282817112022,828.801037978888,1029.5651779556504,214.66194528080854,1241.2736720112305,284.89118456840515,761.1526107788086,0.9999657869338989,0.9942862391471863,0.9937244653701782,0.9999352097511292,414.4157730933851,-27.009745480938705,245.31969928732144,-6.565256279678977,-6.891866607515094,-1.675205364509262,105.74324849619394,150.6796792898007
106,1.7577215189873419,204.81111165052175,769.1131119164039,463.022585499171,973.3069074071481,828.3102536554884,1029.9910462371233,213.90692059902753,1240.6490117637638,285.99621176719666,761.3125991821289,0.9999661445617676,0.9942956566810608,0.9937770366668701,0.999934732913971,413.92498876998553,-26.84475269289601,245.4036617088592,-6.481293858141214,-6.8497666815015466,-1.6537813266674177,105.61801887889465,150.4836504786534
107,1.7743037974683544,203.8212623078718,768.9245344820777,460.2205771199673,973.2824311907999,827.6534175742554,1030.5049480711125,213.29752226032156,1239.6478842939557,287.25637793540955,761.5651702880859,0.999966025352478,0.9942519664764404,0.9937046766281128,0.9999331831932068,413.26815268875254,-26.65617525856976,245.53882012164067,-6.346135445359749,-6.801648844794009,-1.6192940060656487,105.45041912649953,150.29601828160358
108,1.790886075949367,202.89764569199585,768.7471070175561,457.79126524719203,973.262957216977,826.8850566850047,1031.1206023683583,212.886344389239,1238.25619518349,287.8870403766632,761.6641044616699,0.9999656677246094,0.9942336082458496,0.9936295747756958,0.9999305605888367,412.4997917995018,-26.478747794048218,245.39234303432954,-6.492612532670876,-6.756376059130218,-1.6566694247832388,105.25436245655108,150.1668723463424
109,1.8074683544303798,202.13097732652793,768.6099595232079,456.0906528227711,973.2622370375276,826.0863755632794,1031.8228150990087,212.68815549073759,1236.5817072419059,287.8696918487549,761.8141937255859,0.9999656677246094,0.9942219853401184,0.9936408400535583,0.9999286532402039,411.7011106777765,-26.341600299699962,245.00033458764142,-6.884620979358999,-6.721381200060918,-1.7566951701387572,105.0505692087859,150.1303581905392
110,1.8240506329113924,201.56167537080768,768.5311522503935,455.2750883346682,973.3024244119379,825.3451019939594,1032.5719817467314,212.67790999168687,1234.8550338861514,287.80113458633423,761.8881797790527,0.9999653697013855,0.9942111372947693,0.9936408400535583,0.9999260902404785,410.9598371084565,-26.26279302688556,244.68140497857095,-7.203550588429465,-6.701272561409651,-1.8380739570825948,104.86142419951378,150.1921991875506
111,1.8406329113924051,201.17589494710802,768.5155192807201,455.2657595633601,973.4133197221674,824.7304300195098,1033.3154082186113,212.79721041343248,1233.383562080697,288.0362892150879,761.9324111938477,0.9999651908874512,0.9941856861114502,0.9936146140098572,0.9999248385429382,410.3451651340069,-26.247160057212227,244.60609208109796,-7.278863485902463,-6.697283618168997,-1.8572909631656642,104.70458313419259,150.32668093567597
112,1.8572151898734177,200.91960031385634,768.5555630645536,455.7910012738992,973.6269333632084,824.2728792038936,1034.0019257435388,212.96776707274134,1232.4700362259807,288.0959630012512,761.9363594055176,0.9999646544456482,0.9941071271896362,0.9934710264205933,0.9999238848686218,409.8876143183907,-26.287203841045653,244.50778165755378,-7.37717390944664,-6.707501278932773,-1.882376069046167,104.5878334525041,150.48470691567175
113,1.8737974683544303,200.72400079731867,768.6346372393288,456.4868624216257,973.968069277576,823.9575120578907,1034.5945982050316,213.10879558964578,1232.3224339772312,287.8211545944214,761.9445991516113,0.9999646544456482,0.9940248131752014,0.9934008717536926,0.9999228119850159,409.5722471723878,-26.366278015820853,244.27257769587004,-7.612377871130377,-6.727678020880771,-1.94239123396608,104.50736367154379,150.61000363677513
114,1.890379746835443,200.5324412926948,768.7315539344054,457.01868408414305,974.4436776245745,823.7328165262052,1035.0770658676186,213.15436636442757,1232.9884602792,285.717830657959,762.1137428283691,0.9999650716781616,0.9939886331558228,0.9934616684913635,0.9999212026596069,409.3475516407023,-26.463194710897483,243.12513597532688,-8.759819591673534,-6.752407499911987,-2.235175010231646,104.45002986094666,150.6574873867601
115,1.9069620253164556,200.31907208915078,768.8255728807635,457.18118460827145,975.0351156314089,823.5306005977695,1035.452255010527,213.06659454091874,1234.3398659538605,285.8062791824341,762.2079849243164,0.9999654293060303,0.9939334988594055,0.9934397339820862,0.9999204874038696,409.1453357122667,-26.557213657255602,243.06267563579243,-8.822279931207987,-6.77639758294837,-2.2511125291036898,104.39843199581028,150.6071557490108
116,1.9235443037974684,200.09279233392817,768.9005425512505,456.9425289061021,975.697350620648,823.2884733826043,1035.7357718069613,212.84146293602168,1236.1108844263717,286.2344563007355,762.6469802856445,0.9999659061431885,0.9939349293708801,0.9934382438659668,0.9999202489852905,408.9032084971014,-26.63218332774261,243.16362431733182,-8.721331249668594,-6.79552701047187,-2.225354239457273,104.33665027816522,150.46865400698354
117,1.940126582278481,199.88564279047293,768.9472152754172,456.4200501401398,976.3670509392467,822.967071514481,1035.9479447907115,212.50601642935814,1237.97396521318,286.26999020576477,762.8051948547363,0.9999668598175049,0.993988573551178,0.9935228228569031,0.9999215006828308,408.5818066289781,-26.678856051909293,243.07781649811886,-8.807139068881554,-6.807436126364618,-2.2472491530659493,104.25464066411406,150.2753470965197
118,1.9567088607594936,199.7312336129964,768.9635014270106,455.80464230585216,976.9778177576321,822.5575864852684,1036.107679932989,212.10794086460027,1239.6256866748051,286.41499042510986,762.8899955749512,0.9999677538871765,0.9940845966339111,0.9936363697052002,0.9999234080314636,408.17232159976555,-26.695142203502655,243.07311201905313,-8.81184354794729,-6.811591736953782,-2.248449558386384,104.15015555517074,150.07096803135707
119,1.9732911392405064,199.6426322390639,768.9531421667241,455.27175140888625,977.4771457996827,822.0790621876389,1036.229353285851,211.70025761367242,1240.8565423836194,286.4215564727783,762.8656196594238,0.9999681115150452,0.994010865688324,0.9935917258262634,0.999923825263977,407.69379730213603,-26.68478294321619,243.03209435592112,-8.8528612110793,-6.808948445105764,-2.2589157163536,104.02805423325918,149.89476544450062
120,1.989873417721519,199.59839741186616,768.9235424903335,454.91742776620674,977.8384242876103,821.5678756942068,1036.3223838139197,211.3247435485914,1241.585875726078,286.43468856811523,762.7020263671875,0.999968409538269,0.9939188361167908,0.9934909343719482,0.9999247789382935,407.18261080870394,-26.65518326682559,243.01654298999068,-8.868412577009735,-6.80139572597875,-2.2628838374020877,103.8976187529699,149.77107329100193
121,2.0064556962025315,199.54138204935728,768.8834357819859,454.74000450505963,978.063677534221,821.0634542532995,1036.3924743594491,210.99795470766443,1241.8557763608676,286.58435583114624,762.4435615539551,0.9999687075614929,0.993848979473114,0.9934333562850952,0.9999257922172546,406.6781893677966,-26.615076558477995,243.06286894025175,-8.822086626748671,-6.791162009256273,-2.2510632051087938,103.7689094584985,149.70646184482226
122,2.0230379746835445,199.39028473226477,768.8409249017105,454.6643064668106,978.1773851786361,820.5948611372414,1036.4435093091752,210.7037112245604,1241.7924760882356,286.8022906780243,762.2775077819824,0.999968945980072,0.9937496185302734,0.9933199286460876,0.9999266266822815,406.20959625173856,-26.572565678202636,243.09628770514453,-8.788667861855885,-6.780314838688429,-2.2425359988827474,103.64934219891987,149.6937716247554
123,2.039620253164557,199.06026057579066,768.8022759539089,454.58864451787827,978.2154475111496,820.1724816014064,1036.4792978679434,210.3954422747396,1241.5539586356308,286.81735396385193,762.077579498291,0.9999691843986511,0.9936779141426086,0.9932506084442139,0.9999269843101501,405.7872167159035,-26.53391673040096,242.9388072698213,-8.946148297179121,-6.770453087382481,-2.282719056302044,103.54156689904622,149.71954717070656
124,2.0562025316455697,198.4864243161856,768.7715546027838,454.4308486158877,978.2141472562876,819.7874463499911,1036.5045741993988,210.00985703710808,1241.28314361663,287.5712585449219,761.9452285766602,0.9999696016311646,0.9936763048171997,0.9932560920715332,0.9999282360076904,405.40218146448825,-26.503195379275894,243.02884143055374,-8.856114136446678,-6.762614159240562,-2.259745740010505,103.44332044967416,149.77089521449966
125,2.0727848101265822,197.64312643350712,768.7508919374282,454.15632593204214,978.2023425952776,819.4186869269016,1036.5249576402846,209.4892913041504,1241.0787870477916,288.09181094169617,761.8928146362305,0.9999698996543884,0.9936280250549316,0.9932355880737305,0.9999294877052307,405.03342204139875,-26.48253271392025,242.86746868760164,-9.017486879398774,-6.7573418276857415,-2.3009219672837142,103.3492269767834,149.8392530021781
126,2.089367088607595,196.5531724453807,768.7410079500665,453.7825571162422,978.1978873779948,819.044453653502,1036.5459482043796,208.80534548394786,1240.9867598416376,288.2994782924652,761.648998260498,0.999970018863678,0.9935378432273865,0.993133544921875,0.9999305009841919,404.6591887679992,-26.472648726558646,242.42632536892296,-9.458630198077458,-6.754819807532141,-2.4134850756356836,103.25373678409781,149.92066794300536
127,2.105949367088608,195.28452512939634,768.7416408932846,453.36424960210064,978.2076591746511,818.6532061853802,1036.5713893444488,207.97437483632697,1241.007243184495,288.30894112586975,761.5053749084473,0.9999703168869019,0.9935433268547058,0.9931076169013977,0.9999313354492188,404.26794129987735,-26.473281669776725,241.79673312763305,-10.088222439367371,-6.7549813107285415,-2.5741332293607417,103.15390521172233,150.01373518985568
128,2.1225316455696204,193.93592046933807,768.7516725159796,452.9681330464189,978.2298693620193,818.249216067665,1036.6020638095617,207.05815807017024,1241.110388390071,288.3040165901184,761.4570236206055,0.9999706149101257,0.9935581684112549,0.9930736422538757,0.9999321699142456,403.8639511821621,-26.483313292471735,241.11996852972823,-10.764987037272192,-6.757541001841504,-2.7468179863030167,103.05082219659312,150.11683203733102
129,2.139113924050633,192.6156085514263,768.7689429807214,452.64665320572817,978.2573137041691,817.8509434137036,1036.6351164658565,206.14951211172607,1241.2535617126075,288.25267910957336,761.3470458984375,0.9999710321426392,0.9936172366142273,0.9931355714797974,0.9999334812164307,403.4656785282007,-26.500583757213462,240.43414383049983,-11.450811736500583,-6.761947771958378,-2.921814538808737,102.94919806220578,150.22597888182537
130,2.1556962025316455,191.41874000002315,768.7899482625951,452.41792084537263,978.2805819542968,817.4837446638759,1036.6647589593854,205.34879641720366,1241.3956578875807,288.27598214149475,761.4848899841309,0.9999713897705078,0.9937305450439453,0.9932736158370972,0.9999344944953918,403.098479778373,-26.52158903908719,239.84736107075895,-12.037594496241468,-6.767307526304421,-3.0715393302021883,102.85550281416856,150.33402148950805
131,2.172278481012658,190.409247477514,768.8097219520458,452.2566666349958,978.2907225938544,817.1707354242182,1036.684234117211,204.7397366908461,1241.5063648861799,288.2650065422058,761.5054321289062,0.9999718070030212,0.9938077330589294,0.9933831095695496,0.9999355673789978,402.7854705387153,-26.541362728537933,239.3371270098599,-12.54782855714052,-6.772353024794184,-3.2017317856923238,102.77563468182487,150.43117121314728
132,2.188860759493671,189.61132871855372,768.8221888535467,452.09819181380175,978.2812753596066,816.9256303884007,1036.6884834826496,204.3719480131195,1241.569900857932,288.2090663909912,761.623363494873,0.9999720454216003,0.9938695430755615,0.9934531450271606,0.9999362230300903,402.5403655028978,-26.553829630038763,238.91019755477248,-12.974758012227937,-6.775534107052563,-3.310668053061376,102.71309313685266,150.50646549642363
133,2.2054430379746837,189.01296230572098,768.8211806624636,451.85496224162705,978.2497996032441,816.7496328305104,1036.6766088022557,204.25507238908145,1241.5838183789047,288.2456624507904,761.7120552062988,0.9999722242355347,0.9939100742340088,0.9934896230697632,0.999936580657959,402.3643679450076,-26.552821438955675,238.6293123782557,-13.255643188744727,-6.77527685477803,-3.382339338151722,102.66818520933872,150.54964271279192
134,2.2220253164556962,188.57945549327434,768.8021277369332,451.4437045101813,978.1989342184298,816.6323751632164,1036.6531732977646,204.3661217602498,1241.5542925239106,288.25831174850464,761.854076385498,0.9999726414680481,0.9940152168273926,0.9936330914497375,0.9999377727508545,402.2471102777135,-26.533768513425343,238.4188836208895,-13.46607194611093,-6.770415268010001,-3.4360328069471424,102.63826548268784,150.55324302181367
135,2.238607594936709,188.2710837074559,768.764113381695,450.81856320434474,978.1366636611561,816.5556848960596,1036.6276297843901,204.66715744280083,1241.489725277624,288.35113763809204,761.87255859375,0.9999730587005615,0.9940841197967529,0.9937407374382019,0.9999390840530396,402.1704200105567,-26.495754158187083,238.31111067277396,-13.573844894226454,-6.760715440751071,-3.463532391600208,102.61869702389906,150.5150053652107
136,2.2551898734177214,188.0577830064298,768.7115343584641,450.00196665549805,978.0751129776824,816.498768830538,1036.6116372019558,205.12645949630604,1241.3944457954278,289.0725016593933,761.9003677368164,0.9999733567237854,0.9941360950469971,0.9937992691993713,0.9999403357505798,402.1135039450351,-26.443175134956164,238.56514233291153,-13.319813234088883,-6.747299260479521,-3.3987131093530176,102.60417419429017,150.44035898695617
137,2.2717721518987344,187.92581962493932,768.6543288355892,449.10057051862185,978.0272651736917,816.4436911303873,1036.614694751199,205.7352050154459,1241.2643044765864,290.198450088501,761.9725227355957,0.9999735951423645,0.994182825088501,0.9937891364097595,0.9999411702156067,402.0584262448844,-26.38596961208134,239.06213485672015,-12.822820710280268,-6.732702572289894,-3.27189939385768,102.59012044606972,150.3440637504819
138,2.288354430379747,187.87493196009916,768.6059408273529,448.29295744477946,978.0017642130275,816.3801518981501,1036.6392543001778,206.51346705651753,1241.08635989175,290.6197714805603,762.2110748291016,0.999973714351654,0.9941738247871399,0.9937347769737244,0.9999414682388306,401.9948870126472,-26.337581603845024,239.24735172032973,-12.637603846670686,-6.72035578070671,-3.2246390478333016,102.57390763454094,150.24943066123905
139,2.3049367088607595,187.90798236715918,768.5789619407071,447.7823099385226,977.9972973305345,816.3084538737797,1036.6769965054427,207.50232778815032,1240.8446696927265,290.6182265281677,762.2404289245605,0.9999738335609436,0.9941813945770264,0.9936380982398987,0.9999421238899231,401.9231889882769,-26.31060271719923,239.26310444766347,-12.621851119336952,-6.713471788108064,-3.2206195469622076,102.55561300750229,150.18372818887718
140,2.321518987341772,188.01751847307293,768.5794408613338,447.7209353924556,977.9992373986966,816.239533531324,1036.707993199328,208.74244680263564,1240.531959104624,290.6385040283203,762.2658920288086,0.999973475933075,0.9940652251243591,0.9933250546455383,0.9999424815177917,401.85426864582115,-26.31108163782585,239.32801125069662,-12.556944316303799,-6.71359399055816,-3.2040577830336865,102.5380271399463,150.16970337658162
141,2.3381012658227847,188.17457404088262,768.6017088157112,448.1298463904224,977.9812500123058,816.1914458698511,1036.7038938479184,210.24448632379472,1240.1628943886737,290.7814121246338,762.2730445861816,0.9999731183052063,0.9938921332359314,0.9928597807884216,0.99994295835495,401.80618098434826,-26.333349592203263,239.4779930827582,-12.406962484242229,-6.719275931222861,-3.1657880858664718,102.5257569855099,150.21538030586044
142,2.3546835443037977,188.32500907716485,768.6258481429998,448.8481644769276,977.9128522190093,816.1828637620827,1036.6351007836986,211.9628308102859,1239.7815557656654,291.11908078193665,762.1880722045898,0.9999727606773376,0.9937410354614258,0.9921939969062805,0.9999434947967529,401.7975988765798,-26.357488919491857,239.72204492955075,-12.16291063744967,-6.725435375553262,-3.1035152749435024,102.52356715584293,150.30639121645498
143,2.3712658227848102,188.39758991942315,768.6194673324159,449.54533627304954,977.7709988938839,816.2256394345301,1036.4803359975845,213.7869042344468,1239.4566811142927,291.16777896881104,762.0052528381348,0.9999728798866272,0.9937691688537598,0.9920884966850281,0.9999439716339111,401.8403745490272,-26.351108108907965,239.78268444411708,-12.102271122883337,-6.7238072337618835,-3.088042361811812,102.53448189136913,150.4054352272107
144,2.387848101265823,188.3246787680587,768.5442744302484,449.80853292046066,977.5511668976823,816.3194768359676,1036.23552274245,215.55928706232592,1239.2639515238118,291.69917821884155,762.0069122314453,0.9999730587005615,0.9938492178916931,0.9921432733535767,0.9999440908432007,401.93421195046477,-26.27591520674048,240.0119284934501,-11.873027073550304,-6.704620845947309,-3.029547941355875,102.55842565100063,150.4610457241922
145,2.4044303797468354,188.07041334204786,768.3662606130354,449.2827448813357,977.2726518086126,816.4513861228364,1035.9182836939133,217.1170808750717,1239.2617944357307,292.3993957042694,762.0619010925293,0.9999728798866272,0.9939015507698059,0.9920874834060669,0.9999439716339111,402.06612123733356,-26.097901389527465,240.23490452315863,-11.650051043841785,-6.659198445229299,-2.972652882699771,102.59208391742278,150.42353772948664
146,2.421012658227848,187.65483365925547,768.0665847318586,447.80921769251233,976.9746769299098,816.6005280127077,1035.5653561436663,218.33976722785155,1239.471091101053,292.8908836841583,762.3430252075195,0.9999728798866272,0.9939286112785339,0.9920526146888733,0.9999440908432007,402.2152631272049,-25.798225508350697,240.2728586717069,-11.612096895293519,-6.5827324822302264,-2.962968417913494,102.63013929307641,150.26224322513696
147,2.437594936708861,187.15990489526982,767.6493257716227,445.50008786990753,976.7040145614872,816.7462085857265,1035.2229548871758,219.1822412962181,1239.8674945833977,293.3132994174957,762.7538681030273,0.9999731779098511,0.9940678477287292,0.9921818375587463,0.9999450445175171,402.3609437002237,-25.38096654811477,240.2366021563828,-11.64835341061763,-6.476263759792028,-2.9722197108382438,102.66731147143923,149.9771751575781
148,2.4541772151898735,186.7085237967336,767.1430061412927,442.71261147920814,976.4992361379042,816.8750064515027,1034.9334927481573,219.67942009219132,1240.3894429089169,293.88020038604736,763.3624649047852,0.999973475933075,0.994089663028717,0.9921072721481323,0.9999458193778992,402.48974156599985,-24.874646917784844,240.2943620913905,-11.590593475609921,-6.347070119094346,-2.957481557618222,102.70017582074931,149.60060595286689
149,2.470759493670886,186.4200535509055,766.5951780779043,439.9332655058292,976.378678750563,816.9836401132154,1034.7240654639984,219.92384926569096,1240.9585143192685,294.4484210014343,763.9603042602539,0.9999740123748779,0.9941431879997253,0.9920424818992615,0.9999463558197021,402.59837522771255,-24.32681885439638,240.4342372761699,-11.450718290830508,-6.207285094485688,-2.9217906950041495,102.72789502699428,149.18834241101743
150,2.4873417721518987,186.3595606869735,766.0620777183892,437.6234813230363,976.3371403924383,817.076763193386,1034.6011872281704,220.03014547292454,1241.5037998002517,294.0664315223694,763.7172889709473,0.9999746680259705,0.9942002892494202,0.9919366240501404,0.9999467134475708,402.69149830788314,-23.79371849488132,240.21299610467145,-11.67195946232897,-6.071258023486852,-2.978243083388699,102.75165651882578,148.8045089325944
151,2.5039240506329112,186.50389057647087,765.5967965967292,436.09162966846804,976.351513948939,817.1616284595146,1034.5529611234226,220.1027507016156,1241.9802778724268,292.68736839294434,763.6738014221191,0.999975323677063,0.9943386316299438,0.9920711517333984,0.9999468326568604,402.7763635740118,-23.328437373221277,239.59562948470762,-12.289326082292803,-5.9525358597501,-3.13577172044031,102.77331092849738,148.50564483668094
152,2.5205063291139242,186.74154207890857,765.2392515794807,435.436042135618,976.3913753103614,817.2428873391732,1034.5564806265131,220.21688794587024,1242.3742853475612,291.2943685054779,763.5294342041016,0.999975860118866,0.9944705963134766,0.9922696352005005,0.9999474287033081,402.85762245367033,-22.97089235597275,239.01795529219322,-12.867000274807197,-5.861303879545121,-3.2831723496029523,102.79404512459257,148.32927584009056
153,2.537088607594937,186.908635199763,765.0101629218999,435.5667505607284,976.4293796386004,817.3201980838475,1034.5867279809988,220.41327503710468,1242.6961801230564,290.0806796550751,763.2327461242676,0.9999762177467346,0.9945723414421082,0.9924190640449524,0.9999476075172424,402.9349331983446,-22.741803698392005,238.49465742741904,-13.390298139581375,-5.802849109193604,-3.416698194286172,102.81377190580191,148.28945547477605
154,2.5536708860759494,186.84810343612665,764.90980281046,436.28084691228037,976.4479671603216,817.3894128305534,1034.623743707363,220.70152462108675,1242.966900370287,288.06068658828735,763.1079483032227,0.9999767541885376,0.9946584105491638,0.9925491809844971,0.9999484419822693,403.00414794505053,-22.64144358695205,237.454395012207,-14.43056055479343,-5.777241000400145,-3.68213386110919,102.83143289419986,148.37862509794996
155,2.570253164556962,186.4698291691854,764.9206955044615,437.35137434287975,976.4414220927457,817.4461144744749,1034.6563531205018,221.06706418976358,1243.2068067131481,286.9823098182678,762.850399017334,0.9999772310256958,0.9947039484977722,0.9925987720489502,0.9999493956565857,403.0608495889721,-22.65233628095359,236.7260694937266,-15.158886073273806,-5.780020404378908,-3.8679750169896994,102.84590101151737,148.57312662141376
156,2.5868354430379745,185.7883172918435,765.0123154882834,438.5932980452053,976.414151395085,817.4892562831291,1034.682218023597,221.47923030942871,1243.4312835235105,287.00403571128845,762.7666854858398,0.9999773502349854,0.994705080986023,0.9925367832183838,0.9999497532844543,403.1039913976262,-22.743956264775534,236.39617650156598,-15.488779065434443,-5.803398362809842,-3.9521512450970557,102.85690917117074,148.83946370214937
157,2.6034177215189875,184.92193198116308,765.1457886034631,439.88588090608954,976.3767390519484,817.5229520058775,1034.7049821849719,221.90040261212576,1243.6518479244328,287.1315264701843,762.5146865844727,0.9999775290489197,0.9947330951690674,0.992520809173584,0.9999502897262573,403.13768712037466,-22.877429379955174,236.0267292256737,-15.858226341326713,-5.837455659134858,-4.046420232035723,102.86550704657797,149.13942477109455
