frame,time,sh_x,sh_y,el_x,el_y,wr_x,wr_y,hip_x,hip_y,opp_sh_x,opp_sh_y,hands_used,wrist_forward_px,wrist_forward_cm,shoulder_elevation_px,shoulder_elevation_cm,mid_shoulder_x,trunk_x_displacement_px,trunk_x_displacement_cm,elbow_flexion_angle,speed_px_s
0,0.0,695.2158454449343,668.9538046151954,739.042831572167,859.0512531279568,506.65470201019974,845.5116268347775,578.7900161382553,1080.3154535785272,435.31164980102164,709.805849582347,1.0,-2.8642427520144906,-0.39904337603739337,6.297292048739564,0.8773322991757914,565.2637476229779,-1.8119440193714809,-0.2524381909222692,73.68285054824798,83.3117329451934
1,0.033244444444444445,695.3937545556306,672.1213907551918,738.7812669374039,885.1448026627336,507.8950914580481,847.973957345103,573.4060910474818,1080.6670217632714,435.9632362592734,707.7025892146219,1.0,-1.6238533041661185,-0.22623358450612424,3.1297059087431762,0.4360274320152096,565.678495407452,-1.3971962348973648,-0.19465595301517188,69.34206450259454,53.2767247460546
2,0.06648888888888889,695.6431917380944,674.1374535480065,739.0297474567044,893.9940990802237,508.8837519253926,848.628564694117,569.1266013259108,1081.194035705401,437.2312023379266,706.054791196037,1.0,-0.6351928368216591,-0.0884944175425818,1.1136431159284257,0.15515162196651444,566.4371970380105,-0.6384946043389164,-0.08895441642223344,67.6856984211204,25.05960167755071
3,0.09973333333333333,696.1915689348251,675.1072934033359,739.7785535957278,892.2264549063672,509.23718544534273,848.1595249417901,567.0096239594034,1082.627543496115,438.2687504983714,705.4625092799345,1.0,-0.2817593168715007,-0.03925442037177738,0.14380326059904291,0.020034523454503916,567.2301597165982,0.15446807424882536,0.021520334404230755,67.827379349953,7.93515621313737
4,0.13297777777777778,696.7466374504587,675.6294955791712,741.2938516418056,891.3602599526348,509.2484122515458,848.1260137218619,566.2867756275072,1085.9562225510526,438.6005710069304,705.3991695753176,1.0,-0.2705325106684313,-0.03769031319327811,-0.3783989152362892,-0.05271815055430482,567.6736042286946,0.59791258634516,0.08330057110648666,67.77850469800228,0.8532132941104154
5,0.16622222222222222,696.8372891459919,676.0780325835393,741.5953603555226,891.5520278284473,509.184704762185,848.2252394517366,565.0105299401387,1089.7891679292552,438.72876772535176,705.1418918037498,1.0,-0.33424000002924004,-0.04656597557054118,-0.8269359196043524,-0.11520786808081197,567.7830284356719,0.7073367933224972,0.09854543990880466,67.70538761447725,13.267355708640993
6,0.19946666666666665,696.6696711117603,676.7483960737202,738.5665546742661,891.4581138514685,509.6336216673177,847.5125102751995,563.3808956658378,1091.345689640138,438.7672068406835,704.9697027080845,1.0,0.11467690510346529,0.015976669342646226,-1.497299409785228,-0.2086022251428468,567.7184389762219,0.6427473338725349,0.08954690235914486,68.09223988139621,40.62850453002267
7,0.2327111111111111,696.6386601217222,677.5335791709075,735.0195108906441,892.1684637675178,511.0197694753869,846.2983167709868,562.9745114777633,1090.7786227198126,438.64841715761156,705.0225672964013,1.0,1.5008247131726762,0.20909336681172036,-2.282482506972542,-0.31799313263096235,567.6435386396669,0.5678469973174742,0.07911186393782142,68.28866683767542,39.12086597598479
8,0.26595555555555556,696.7000522404,678.0098336096194,733.5349200916525,892.5486605497156,511.8108534212755,845.64394475637,563.433057780882,1090.2087989458964,438.6223060840978,704.9999055179271,1.0,2.291908659061278,0.31930637451658306,-2.7587369456844044,-0.38434441481286236,567.6611791622489,0.585487519899516,0.08156952353432416,68.31313019440007,13.677959836553875
9,0.29919999999999997,696.7193774088946,678.1916873006637,732.4283565417368,891.7541786342794,511.6213552054489,846.095560494008,563.6077175739943,1090.2321825676295,438.6156769830065,704.9649028074991,1.0,2.102410443234646,0.29290567655083355,-2.940590636728757,-0.40968008539042117,567.6675271959506,0.5918355536011859,0.08245392510878286,68.8245995748128,13.691390380249434
10,0.33244444444444443,696.7460934288614,678.3159765093138,731.2195776086288,891.4081370642165,512.3456127442112,846.5017550410279,563.6735358070836,1090.455930552825,438.34821472028875,705.0953043265947,1.0,2.826667981996934,0.39380849743952007,-3.0648798453788686,-0.4269959310497578,567.547154074575,0.47146243222562134,0.06568366473050986,69.21598212529956,25.18293475169936
11,0.36568888888888884,696.7822374454133,678.3646929830935,730.9245407084509,891.5506750261108,513.5263822636634,846.0247538475965,563.8886139317259,1090.789928413617,437.98500098051153,705.260860048056,1.0,4.007437501449203,0.5583121014140412,-3.113596319158546,-0.4337830604409405,567.3836192129625,0.3079275706130602,0.0429001547672614,69.07365132208218,19.03569904436019
12,0.3989333333333333,696.7398458189206,678.353962821984,730.9294930425685,890.7982929884138,513.3095243536201,845.897005838936,563.8707718182748,1091.1143462836624,437.7916201262373,705.4201485198043,1.0,3.7905795914058444,0.528099678782177,-3.102866158049096,-0.43228814534984755,567.2657329725789,0.1900413302295192,0.02647636410988143,69.19934137295957,18.19600401305706
13,0.43217777777777777,696.7434323979419,678.359700371072,731.2080667136555,890.7335742572737,512.2546645274367,846.201938431951,563.6522691267403,1091.5657210054824,437.7442061545143,705.7791404295931,1.0,2.735719765222484,0.38113768472969234,-3.1086037071370356,-0.43308749483117953,567.2438192762281,0.16812763387872565,0.023423370306500508,69.28599019041523,27.062062525072726
14,0.4654222222222222,696.8639559641949,678.3541073486867,732.0013119661744,891.4578176115301,511.42942107832994,846.0333591578199,563.6876914178339,1092.4798712938332,437.7743489440629,706.1688584286253,1.0,1.9104763161157052,0.2661656099107191,-3.10301068475178,-0.43230828066251475,567.3191524541289,0.24346081177952783,0.033918711742214676,69.0003211580599,25.208003446513157
15,0.49866666666666665,696.6425535584231,678.3585519582896,731.9178835792491,888.5438784858114,510.75434178691785,846.200690368538,563.9459297206059,1093.4306692006758,437.7528157175365,706.2258844828954,1.0,1.235397024703616,0.1721142522356247,-3.1074552943546223,-0.4329274991347755,567.1976846379798,0.12199299563042132,0.01699593960569164,69.63437004033737,20.0096546732404
16,0.5319111111111111,695.6907490587707,678.102104174737,730.9894753442638,883.373019690464,510.2429196191505,846.9145931903336,564.0819580789328,1093.7977165852096,437.674891199081,706.2851159321013,1.0,0.7239748569362519,0.10086343794527973,-2.851007510801992,-0.3971994557438393,566.6828201289259,-0.392871513423529,-0.0547344581583328,70.8644622764694,18.136487062859555
17,0.5651555555555555,693.86505800155,676.8581047654463,730.9816713234877,881.5546053981608,509.89592723946123,847.0867213444011,564.1573915408532,1093.593463172576,437.8085160395773,706.8039373966037,1.0,0.3769824772469974,0.05252081385971178,-1.6070081015113828,-0.22388672806993284,565.8367870205636,-1.238904621785764,-0.17260292708012065,70.86126490032747,16.157316663170512
18,0.5983999999999999,690.8675765108339,674.5408598042827,731.543526527108,880.1737268084921,509.2745577442175,846.8296903666768,564.015667407594,1092.9790321114424,437.6508522117266,707.582951425308,1.0,-0.24438701799675755,-0.034047749846813254,0.710236859652241,0.09894947418911816,564.2592143612803,-2.8164772810690692,-0.3923887393901779,70.27915077966995,32.00750178509106
19,0.6316444444444445,687.3599394070095,672.1986150669645,731.3579092996441,875.8244734273204,507.6532141638778,847.049504121933,563.1045309844525,1092.3236943650666,436.16802102015015,708.423967229636,1.0,-1.8657305983364267,-0.25993168219167306,3.0524815969704377,0.42526861973916064,561.7639802135798,-5.311711428769627,-0.7400222134041783,70.47772604337034,77.55822656873946
20,0.6648888888888889,684.6844265657091,670.8093284408665,731.2982125878588,873.2933752455973,504.2339623699892,847.6876285278885,562.1814267176906,1091.9134995766997,433.8675714184427,709.2495117462006,1.0,-5.284982392225061,-0.7362983513210958,4.441768223068493,0.6188226141315197,559.275998992076,-7.799692650273414,-1.0866452171451286,70.60183542305099,121.59736257040375
21,0.6981333333333333,682.6415729819253,670.2801084990956,732.1492041349953,874.217821149732,499.7011084648769,848.2191739525888,562.5649275284358,1091.1848091789404,432.307241000507,709.6975558401338,1.0,-9.817836297337351,-1.367810929683427,4.970988164839355,0.692552996125863,557.4744069912161,-9.601284651133255,-1.3376411754169772,69.9730696584508,122.36034156262616
22,0.7313777777777777,680.5746198391766,669.7093667985652,732.7471936661967,874.8836966633883,496.13869924364417,849.0256166401948,563.5812218488469,1089.7557453442093,431.84989515847406,709.7145983646618,1.0,-13.380245518570064,-1.8641221454376187,5.541729865369803,0.7720681471600448,556.2122574988254,-10.863434143524046,-1.5134825541385513,69.49607201154568,87.5085089416568
23,0.7646222222222222,678.9463580274169,668.5537906117165,733.0444413297216,874.6546358458941,494.1347393046508,850.0264144005159,564.1487920693951,1087.9669812452519,431.79188732702903,709.7052357580002,1.0,-15.38420545756344,-2.14331179824801,6.697306052218437,0.9330618417566974,555.369122677223,-11.706568965126394,-1.6309472367078812,69.40697986052182,57.96289448783069
24,0.7978666666666666,677.3425291660341,667.3117244672637,733.5626614215151,874.008232009244,492.63340062605073,850.2005800012803,564.3866770363727,1086.1324206160805,431.4264407396624,709.7176998267371,1.0,-16.885544136163503,-2.3524767701983547,7.939372196671229,1.1061052289471152,554.3844849528482,-12.6912066895012,-1.7681259592278051,69.14059791490855,39.14180731759403
25,0.831111111111111,674.7634416344389,666.3661425941657,732.1451177515115,871.7194631268528,491.3633753986477,850.0637462840036,563.794319947688,1084.9082916003051,430.1703034402938,709.5194109463155,1.0,-18.155569363566542,-2.5294153882813104,8.884954069769265,1.2378427301402029,552.4668725373664,-14.608819104983013,-2.0352857632167973,69.24878582521217,21.396118201612374
26,0.8643555555555555,672.1796186175965,665.2902658126578,728.304319031011,868.4807757527631,491.15336175522134,850.2615630193773,562.3046750650956,1084.7848503540054,427.8687363123831,709.3832485742248,1.0,-18.365583006992892,-2.558674274675567,9.960830851277137,1.3877327849517913,550.0241774649897,-17.05151417735965,-2.3755995468950557,70.16579462354075,21.443190561409025
27,0.8976,670.8403462451282,664.2536725088082,725.8995017580392,866.7162517733843,492.33899060851763,849.8534268501126,561.6102552401622,1085.0036831481907,425.2927945545807,709.7187375391534,1.0,-17.1799541536966,-2.3934936732709056,10.997424155126737,1.5321499057614618,548.0665703998545,-19.00912124249487,-2.6483313646422757,70.65695376857242,33.961072825024544
28,0.9308444444444444,670.0469463834144,664.1152099907483,726.093492679111,866.7210076978083,493.79763975339336,849.2898693335276,561.9842293240524,1084.9605122688974,423.681446973372,710.0585739616289,1.0,-15.721305008820877,-2.19027616357628,11.135886673186633,1.5514403624179023,546.8641966783932,-20.21149496395617,-2.8158448439844532,70.2456883625561,34.85193884804384
29,0.9640888888888889,668.8596701748943,664.4538621737075,726.2713858896508,867.0389741763204,494.24723458251526,850.0824246434872,561.9231839409268,1084.870028000198,423.3466908631208,709.6414053150214,1.0,-15.271710179698971,-2.1276390709850257,10.797234490227424,1.50425968602606,546.1031805190075,-20.97251112334186,-2.9218688383706457,69.9977067922229,31.22974734005224
30,0.9973333333333333,667.5061743735358,663.9578946921357,726.1930334342205,867.1798116966065,494.18543797988286,851.4979995322738,561.599389070483,1084.6632449338701,423.3770220056357,708.8194771724641,1.0,-15.33350678233137,-2.1362485105741564,11.293201971799249,1.5733573692136975,545.4415981895858,-21.634093452763636,-3.014039813080618,70.02538376820337,27.91003892440718
31,1.0305777777777778,666.7091478633774,662.9028016586628,726.7616183082541,867.1921773566824,494.731536672439,851.9351465060178,561.9729189868523,1084.9673230298372,423.1490560713485,708.5069706715772,1.0,-14.787408089775226,-2.0601665982523243,12.34829500527212,1.72035185346767,544.929101967363,-22.146589674986444,-3.0854402635411677,69.85684370796352,19.506148044976914
32,1.0638222222222222,666.7060483139558,662.4844067095192,727.2759038437133,866.9648196399577,495.3669467846823,851.9632316970758,562.0049211517726,1087.4476421440281,423.0034323228182,708.6146716810464,1.0,-14.151997977531948,-1.971641910119824,12.76668995441571,1.7786422106330417,544.854740318387,-22.220951323962367,-3.0958002525589245,69.79884215292974,16.838150252192634
33,1.0970666666666666,666.9231621624544,662.5286715820868,728.0697939226791,866.7099860080459,495.3569828718182,852.7270235460923,561.4070636760255,1091.7256207373082,423.126582209538,708.4691657887195,1.0,-14.161961890396014,-1.973030072287651,12.7224250818482,1.7724752737779932,545.0248721859962,-22.050819456353224,-3.072097654455272,69.8899180733375,14.252103288722921
34,1.130311111111111,666.9530799052563,662.4525070525616,729.8838418519664,865.958877299564,495.32439659603773,853.1042807762404,562.4839344168636,1094.7954137247332,423.0754781933296,708.2107729492977,1.0,-14.194548166176503,-1.977569958961288,12.798589611373359,1.783086438273266,545.014279049293,-22.06141259305639,-3.073573479445973,69.67984582072728,5.521000343361452
35,1.1635555555555555,666.9540038732023,662.3137513547631,731.5546885992092,864.0554563177355,495.30705951898847,852.4697805964497,565.0570504300658,1095.1984970416272,422.8518471732152,708.3366662995402,1.0,-14.211885243225765,-1.9799853428359586,12.93734530917186,1.8024177404315749,544.9029255232088,-22.172766119140647,-3.0890871390165793,69.4366057417678,17.34192085609706
36,1.1967999999999999,666.845776613998,661.8063139542157,732.3204192553158,861.8756431068955,494.3030215511609,852.9499539079369,566.1374202745199,1094.5726050176115,422.9143365873952,708.6697113993291,1.0,-15.215923211053337,-2.1198668874675537,13.44478270971922,1.8731134010209722,544.8800566006967,-22.195635041652736,-3.092273213953539,69.73121605781054,52.35917830519577
37,1.2300444444444443,666.4802372052827,660.9814053197944,732.9404254607248,860.5386730855279,492.06131749023336,854.4221384940842,565.8471262639775,1094.2813490995693,422.75670594004634,708.9152310073194,1.0,-17.45762727198087,-2.4321788086272065,14.269691344140597,1.9880388297997953,544.6184715726645,-22.457220069684922,-3.1287169730006323,70.12569939655206,82.27311290452172
38,1.263288888888889,665.9704375318848,660.6280277695317,733.6644839147057,860.0374328319232,489.10417439169146,853.7396818351417,566.0373687052517,1094.1044298704169,421.858526862753,709.1011862526307,1.0,-20.414770370522774,-2.8441649660986354,14.623068894403218,2.037271029330873,543.9144821973189,-23.161209445030522,-3.226796054054354,69.77393729402354,104.1712551042085
39,1.2965333333333333,665.3132500816484,660.3195933813892,734.1194304136029,859.9192715159279,485.73455488701404,851.3080097054711,566.3043125464878,1094.062901963777,421.1344174011099,709.1801633305068,1.0,-23.78438987520019,-3.3136169153659307,14.931503282545805,2.080241793398926,543.2238337413792,-23.85185790097023,-3.3230164918365075,68.99426368363034,123.23048910048922
40,1.3297777777777777,664.4215283502233,659.0970041997446,734.2428542492918,859.9480790419527,481.7915619509097,849.8575190766433,566.1604043638995,1094.0369642756523,420.7452564599908,709.2313817926878,1.0,-27.72738281130455,-3.8629506657291115,16.1540924641904,2.250571670015398,542.583392405107,-24.492299237242378,-3.4122421249642136,68.54223826248288,129.7404501762598
41,1.3630222222222221,663.2208577775845,657.5307121477599,733.8471700620082,860.0882805765957,477.51205730718806,849.3065925426679,566.1679570131947,1092.734432756757,419.7692941053198,709.4140608259065,1.0,-32.006887455026174,-4.459166883644757,17.720384516175045,2.4687858796332454,541.4950759414521,-25.580615700897283,-3.5638652635925605,68.36923367514926,119.38985772617505
42,1.3962666666666665,661.7531564191258,656.4481617913153,732.7016230853319,859.8520925228747,473.8213684894611,849.4106124705398,566.2423659914682,1089.881358482151,418.78126230997543,709.514326331363,1.0,-35.69757627275311,-4.973349881818845,18.80293487261963,2.619605690091806,540.2672093645506,-26.808482277798817,-3.7349303815284114,68.46126039166035,97.5736290581288
43,1.429511111111111,659.9408968756301,655.778748220073,731.5034444712724,858.8363492089518,471.00986809719,849.9572246582397,565.9241450461968,1087.626268825157,417.81659593569464,709.45753946325,1.0,-38.509076665024224,-5.365045246142715,19.47234844386196,2.7128677054171173,538.8787464056624,-28.196945236687043,-3.928369623445999,68.63406004407365,81.65136759683219
44,1.4627555555555554,657.137298802193,655.4502259031832,731.0091527043869,857.7917962909255,468.4397175117872,849.223885169895,565.2381535446577,1087.4752583573186,414.8362628744878,709.577462921204,1.0,-41.07922725042704,-5.723116001773429,19.800870760751764,2.7586370992099902,535.9867808383403,-31.08891080400906,-4.331275313809158,68.07466781142192,84.03985563310815
45,1.496,653.4829997209964,655.2250898763255,730.4943051459514,857.3336462256143,465.56841428963736,848.7334195049604,564.3126876598511,1088.2063430370642,410.09949094483903,709.8453043359788,1.0,-43.95053047257687,-6.123143035301877,20.026006787609504,2.790002820625108,531.7912453329177,-35.2844463094317,-4.915793037103071,67.28186606746327,86.91647598711349
46,1.5292444444444444,650.5008305724187,654.6545176259941,729.0132174476969,857.192972723646,462.6926532278306,850.2693665412146,562.9387238901044,1088.8262303362917,406.2197067037042,709.893689192233,1.0,-46.82629153438364,-6.523791130500215,20.59657903794084,2.8694943640305457,528.3602686380615,-38.71542300428791,-5.393793207465068,67.32238504176212,81.35904741946315
47,1.5624888888888888,648.7778291737814,654.0916348828456,726.9762163236621,857.2295582006375,460.2608643946766,850.4657690867459,561.2439312909509,1090.1361947966939,403.7043667571227,709.898160734256,1.0,-49.258080367537616,-6.86258546806441,21.159461781089362,2.9479146131456733,526.241097965452,-40.834593676897384,-5.689033902061486,67.49299495440697,79.26731487592367
48,1.5957333333333332,647.531745230539,654.0080474073233,725.0753677646546,857.1034979606162,457.90093234069616,848.6905343661638,560.1668542508048,1091.7576870005494,401.99404249224335,710.3061817787508,1.0,-51.618012421518074,-7.191368792514438,21.243049256611698,2.9595599348990116,524.7628938613911,-42.31279778095825,-5.894975788705665,67.29913446533489,62.7600442800596
49,1.6289777777777776,646.2996627500439,653.7667729774366,723.154347896849,856.2530661725457,456.2522435773509,848.4795307031688,560.0879955155451,1091.8424543384608,401.59542408513744,710.8833221872457,1.0,-53.26670118486334,-7.421062427838292,21.48432368649833,2.993174042148037,523.9475434175906,-43.128148224758775,-6.008569580125375,67.5472212337108,27.862121898276968
50,1.662222222222222,644.849153983062,652.5667246419555,720.6976216871224,854.8809523636044,456.026221334144,849.0209729265354,560.2319269897564,1090.2578982361222,402.11070173219605,711.1643865361073,1.0,-53.492723428070235,-7.452551616010416,22.68437202197947,3.1603635510895005,523.479927857629,-43.59576378472036,-6.073717302539422,68.18040886162268,26.806922200307827
51,1.6954666666666667,643.0154018072612,650.8254699369252,717.9523542208472,853.3918546074875,454.81592483584785,848.8425951475024,560.0808133268763,1088.4417191176221,402.01371027492655,711.2186263435632,1.0,-54.70301992636638,-7.621168888532674,24.425626727009785,3.4029533789061537,522.5145560410939,-44.5611356012555,-6.2082119184481455,68.70819865561707,59.34709224227287
52,1.728711111111111,641.2708509654225,649.6663052814357,716.0254227190795,851.9260183970032,452.0483119557831,849.6863559610506,559.7336334891404,1086.9092560511713,400.9894258102541,711.0485126975042,1.0,-57.47063280643113,-8.006749889461753,25.584791382499247,3.564447015290294,521.1301383878383,-45.94555325451108,-6.401087572514941,69.22973836215765,62.31982720706181
53,1.7619555555555555,639.9823595636403,649.4454705880337,714.8747994748682,850.978986956446,450.57829522409895,850.4195689575871,559.3553522766654,1085.3202584664887,400.0707512509554,710.2873374317504,1.0,-58.94064953811528,-8.21155111974509,25.805626075901273,3.5952134793196953,520.0265554072979,-47.04913623505149,-6.554837626689827,69.49301430794321,49.37911266428516
54,1.7952,638.9273633066335,649.6012251685564,713.0852703115615,850.8402960003282,449.2481122458995,849.4050301954566,559.0503512627564,1083.9926811767414,399.7739792883416,709.0076163107944,1.0,-60.27083251631473,-8.39687085425253,25.649871495378534,3.5735139101748072,519.3506712974876,-47.72502034486183,-6.649001110842508,69.4591455251792,68.52921592353286
55,1.8284444444444443,637.9944483728718,649.7183779945078,710.8144042390009,850.910811396496,446.07834944290204,848.7387656876218,558.3062597517986,1083.5929826232345,399.5217525699311,707.9010844163353,1.0,-63.440595319312195,-8.838478971880216,25.53271866942714,3.557192298067354,518.7581004714015,-48.317591170947935,-6.731557473363232,69.6326144841875,80.84470898811543
56,1.8616888888888887,637.1356028794135,649.7686007673896,709.3328497219543,850.8301484905999,443.7150975336674,849.002069936672,556.6802062525993,1083.7703873734526,398.8830043829385,707.4278923955324,1.0,-65.80384722854683,-9.167724815174937,25.4824958965454,3.5501953126230887,518.009303631176,-49.066388011173444,-6.8358790846790205,69.85346070705987,58.19311899364442
57,1.8949333333333331,636.2218738281921,649.6516120760173,707.9850909047648,850.9878570942032,442.52172118422925,849.0334270039413,555.292205702559,1083.6206311176713,398.1520827460622,707.3671919323031,1.0,-66.99722357798498,-9.33398478983248,25.599484587917686,3.5664940576685495,517.1869782871272,-49.888713355222194,-6.950444612080472,69.96034726616388,55.792466417275804
58,1.9281777777777778,635.5020668483845,649.3576285989213,705.732007262669,851.2356426262065,439.9620618312154,848.9543913697879,555.1966037682847,1083.083882564159,397.55620754709145,707.3438546292591,1.0,-69.55688293099882,-9.690593917677509,25.89346806501362,3.6074515355628605,516.529137197738,-50.54655444461139,-7.042094361048625,70.32629076591623,82.58310111513099
59,1.9614222222222222,635.1338181065119,649.1412663494924,703.6385750581447,851.330760679071,436.87498966328803,848.5591849939701,555.4520666628385,1082.6604478206657,397.0666555135615,707.2105994308217,1.0,-72.6439550989262,-10.120681660448057,26.109830314442547,3.6375949032639534,516.1002368100367,-50.97545483231272,-7.101848325188611,70.68760759021224,79.94308350516536
60,1.9946666666666666,634.7820430201064,649.1089637575587,702.6794707749233,852.0376451226991,434.88270999385884,848.4876235969248,555.0624346241085,1082.4521663140226,396.79317280512896,706.9512634264652,1.0,-74.6362347683554,-10.39824403002743,26.14213290637622,3.642095267393671,515.7876079126177,-51.28808372973174,-7.145403464006781,70.74090451315608,51.389497633275745
61,2.027911111111111,634.3379312340417,649.1391523785088,701.7921798398949,853.1820757879029,433.4461969830437,849.3778654929082,554.5480437043831,1082.275485361147,396.7252733917003,706.7118551001454,1.0,-76.07274777917053,-10.598377556124039,26.111944285426148,3.6378894195431855,515.531602312871,-51.544089329478425,-7.18106990280131,70.89450704382743,46.81520399368347
62,2.0611555555555556,633.9614029153702,649.2719494068656,699.983471009197,853.5193172199178,431.8662199156049,848.9633524224644,554.4636521559598,1082.1329391110646,396.62991199909436,706.6220836708532,1.0,-77.65272484660932,-10.8184983481236,25.97914725706937,3.619388273128151,515.2956574572322,-51.78003418511719,-7.213941499207211,71.11329948451015,57.754200884910276
63,2.0944,633.6024431539972,649.6140163584939,697.7673555030867,853.5446777831701,430.00963673946046,847.3135429784153,554.5806118268008,1082.1147726018248,396.39942874900606,706.6830592044689,1.0,-79.50930802275377,-11.077155620794308,25.63708030544103,3.5717318546515435,515.0009359515017,-52.074755690847724,-7.255001798497423,71.20117548846663,51.6375417812138
64,2.1276444444444444,633.2483393894383,650.0073431106941,695.7943282639101,854.1756205324114,428.6921373895253,847.7181986961451,554.5621917609033,1082.1262752275034,396.05536247762234,706.9674979596805,1.0,-80.8268073726889,-11.260708285160979,25.243753553240822,3.5169339730916076,514.6518509335303,-52.42384070881906,-7.303635966812027,71.58289730766877,35.965826950700205
65,2.1608888888888886,633.0357048187009,650.2572149250059,694.383008573973,854.6834061067055,428.396415613231,849.2799875983696,554.4878085144742,1082.053604449313,395.68781438105236,707.3382097196343,1.0,-81.12252914898323,-11.30190794112494,24.993881738929076,3.4821220870217484,514.3617595998767,-52.71393204247272,-7.344051195255542,72.13197323106728,27.924645864458085
66,2.1941333333333333,632.9824126630534,650.3911207296231,693.9397509511455,854.7425819657511,427.7678636048775,849.3796295993591,555.02478109928,1082.0004902680732,395.3902656809423,707.4690314171669,1.0,-81.75108115733673,-11.389477165225115,24.85997593431182,3.46346646703008,514.1863391719978,-52.88935247035158,-7.368490590176755,72.23607353866265,33.05684638937579
67,2.2273777777777775,633.018638359255,650.4703571696183,694.2300818794035,854.8185024914806,426.3328534348966,848.8191311191466,556.4583876380163,1082.019575399981,395.18982721757544,707.4353849180354,1.0,-83.18609132731763,-11.589401317070983,24.780739494316663,3.452427327104313,514.1042327884152,-52.97145885393422,-7.379929567713137,72.04179683473306,45.841306044921666
68,2.260622222222222,633.0565358650308,650.4566902513361,694.4200367360813,854.9133774078365,425.0964140563327,847.9735817261501,557.8391997976069,1081.9260476082989,395.14785704200716,707.4423962952835,1.0,-84.42253070588151,-11.761660788982256,24.794406412598846,3.4543313882065063,514.102196453519,-52.973495188830384,-7.380213267811928,71.81790211536595,44.21317954594084
69,2.2938666666666667,633.0352456101148,650.3726208767108,694.3525064610927,855.3502355612909,424.24927099948997,846.6952127978986,558.3367001790825,1081.6548142043403,395.10794633451457,707.3960850469217,1.0,-85.26967376272427,-11.879683894793178,24.878475787224147,3.4660438476508872,514.0715959723146,-53.00409567003476,-7.384476495612565,71.51058341045021,28.905053667392764
70,2.327111111111111,633.0401075811404,650.3849266538452,694.6476104935709,856.423358500227,423.5941105412198,846.5687653002915,558.3565426032584,1081.3064344753998,394.93990941220835,707.247944546993,1.0,-85.92483422099446,-11.970960180970552,24.866170010089718,3.464329419343778,513.9900084966744,-53.085683145675034,-7.3958431794241815,71.27065695664571,26.97109632927129
71,2.3603555555555555,632.9955844426811,650.4792897555872,695.4839777351483,857.4832652216289,422.80091745392593,847.5417227405383,558.5622335423418,1080.920063076461,394.7922509057356,707.1372061497956,1.0,-86.7180273082883,-12.08146703210272,24.7718069083478,3.4511828483466194,513.8939176742083,-53.1817739681411,-7.409230454708758,71.11450573697456,34.61880724361163
72,2.3935999999999997,632.6102879123698,650.2958949804388,696.1690578070269,857.9659720867912,421.62030037189663,848.0998133889454,558.8581352205783,1080.7220106158459,393.95712806537864,707.1467103064285,1.0,-87.8986443903176,-12.2459493986511,24.95520168349617,3.476733221188221,513.2837079888742,-53.7919836534752,-7.494244245091983,70.92484088030909,37.55389275836842
73,2.4268444444444444,631.9974089410315,649.7463326488839,696.2792017956612,857.6734310224285,420.47389974652793,847.7500216413649,558.7715188341323,1080.9861315159285,391.96133741907977,707.1461788889272,1.0,-89.0450450156863,-12.405664763389916,25.504764015051023,3.5532976841592423,511.97937318005563,-55.096318462293766,-7.675962839030286,70.76012201937567,50.81534375612702
74,2.4600888888888885,631.285665224431,649.312725624538,696.2495822556563,856.6261645388429,418.84758174111704,846.3182461316893,558.3589966677548,1081.506959023493,390.2134193476687,707.0428287254022,1.0,-90.67136302109719,-12.63224172755719,25.938371039396998,3.6137073721114423,510.74954228604986,-56.32614935629954,-7.847301623619682,70.47298922478623,79.39690200886234
75,2.493333333333333,630.146696599896,649.2734345063599,696.3476851158761,855.7112772985545,415.8757731927328,844.8368152678696,557.8198821723031,1081.923740454049,388.50014770526195,707.1215508397183,1.0,-93.64317156948141,-13.046271060528346,25.977662157575082,3.6191813705827798,509.323422152579,-57.75226948977041,-8.045987224655022,69.99950630575117,106.37336187044991
76,2.526577777777778,628.8255996619744,649.3033121519737,696.3558954378243,855.6298594204861,412.03481179684695,844.6531533411165,556.9217652763646,1082.1713696161096,384.57649975835255,707.4885110968253,1.0,-97.48413296536728,-13.581389880874703,25.94778451196123,3.615018847498654,506.7010497101635,-60.37464193218591,-8.411333476090212,69.66591998668214,116.91609907895477
77,2.559822222222222,627.6888808585949,649.1246332849869,696.313791351688,855.6601486298931,408.16819363203706,844.9074738012583,555.9526807708367,1082.5131559901324,379.6958953149773,707.7107700587458,1.0,-101.35075113017717,-14.120083176073951,26.126463378948074,3.639912204829774,503.6923880867861,-63.383303555563316,-8.83049714184524,69.48295776461887,97.47220880464465
78,2.5930666666666666,626.2073323905779,648.9075580189481,696.0023373944767,855.1878781584385,405.44399836399725,844.9523744909784,555.4570701629873,1083.2485593894764,377.014431255664,707.6183593326741,1.0,-104.07494639821698,-14.499615279621784,26.343538644986893,3.6701549092770214,501.61088182312096,-65.46480981922844,-9.12049046944002,69.28921144683821,59.359371841811104
79,2.626311111111111,624.8270182251866,648.8334008104739,694.7750169190787,855.1488705621126,404.2472386397708,845.0927152069265,555.3095454727841,1084.02755352637,376.0171172356811,707.4452728351766,1.0,-105.27170612244345,-14.666346622600667,26.417695853461055,3.680486415852791,500.42206773043387,-66.65362391191553,-9.286114835144721,69.28917348339574,40.959295552923294
80,2.6595555555555555,624.5451724605152,648.781979110503,693.1149803037476,856.2318138969781,402.88938572952105,844.705574170105,555.5659777819998,1084.7010240152954,374.3839555608495,707.2501810530341,1.0,-106.62955903269318,-14.855521303792463,26.469117553431943,3.6876504345951036,499.46456401068235,-67.61112763166705,-9.419513275842275,69.43508484377055,47.5247570063768
81,2.6927999999999996,623.9372574299681,648.7251552924088,691.4520899570839,857.0464740237139,400.9732189673979,844.3178698599884,555.563381410421,1086.2506050369363,371.63333106154494,707.0929814042518,1.0,-108.54572579481635,-15.12247970083143,26.525941371526187,3.6955670709192123,497.7852942457565,-69.29039739659288,-9.653467425085466,69.5339545082683,53.36051898686219
82,2.7260444444444443,621.8703871772134,648.8427670054521,688.741109017508,856.6914381777478,399.42295073925857,845.0481064861306,553.794346231231,1088.5791442065774,369.0346914856005,707.1683003866417,1.0,-110.09599402295567,-15.338461487670248,26.4083296584829,3.6791815271306048,495.4525393314069,-71.62315231094249,-9.97846445818791,69.86099675716316,60.97736575435103
83,2.759288888888889,620.3445134848057,648.9559112168928,685.2880535670668,856.4566541245044,397.19161398099254,845.6848224923203,551.7412197609511,1089.914437886066,367.93947960339517,707.425090334472,1.0,-112.32733078122169,-15.649329046807326,26.295185447042172,3.663418391104288,494.14199654410044,-72.93369509824896,-10.161047941351276,70.47966128050908,83.21864210231797
84,2.792533333333333,620.3354905456383,648.8432209204457,681.3900187432121,856.2234497554923,393.81142496132014,845.325898679198,552.3142054381678,1089.9049799551972,368.12689997432767,707.6582053795111,1.0,-115.70751980089409,-16.120253530113054,26.407875743489285,3.679118288157107,494.231195259983,-72.8444963823664,-10.1486208673196,71.42497894666775,99.33559310670762
85,2.8257777777777777,620.3508480562562,648.8574511544401,675.5503246071045,855.1174566893376,390.62665020499526,844.9633261277635,554.5107277809999,1089.764346245295,368.7126454536559,707.8277889823058,1.0,-118.89229455721897,-16.563953097752258,26.39364550949483,3.6771357464849825,494.53174675495603,-72.54394488739337,-10.106748339880097,72.97650690107815,92.43180621019071
86,2.859022222222222,620.0518954757049,648.8767307415396,670.4011404085761,855.3890356365242,387.77974652834337,844.8066124024419,556.0598309491743,1089.8215160078876,369.61905779789845,707.9728371884332,1.0,-121.73919823387087,-16.960580811512006,26.374365922395327,3.6744497340932667,494.8354766368017,-72.24021500554773,-10.064433002826393,74.1538035074658,86.82458561676329
87,2.8922666666666665,620.1051993473876,648.3754729125146,668.7580780348446,858.1394132998417,384.75901202621446,844.3067255509857,557.5133661868815,1089.7291559337716,370.52969403218754,708.1231482712616,1.0,-124.75993273599977,-17.381426458409205,26.875623751420335,3.7442844630870407,495.3174466897876,-71.75824495256182,-9.997285427099039,74.15316063238365,96.11052025122295
88,2.9255111111111107,620.3387022875761,648.1882848765566,665.537394985061,860.8812801702395,381.610416459471,843.6125570770962,559.6675411760841,1089.5642067025492,370.85984041545925,708.292791596999,1.0,-127.9085283027432,-17.82008557829211,27.062811787378337,3.7703633091520103,495.5992713515177,-71.4764202908317,-9.95802190294827,74.52223259293996,91.67243357814124
89,2.9587555555555554,620.5346868170444,648.9456389057199,659.3753708372028,862.4425232012479,378.80886169293944,843.0322914498726,561.5231990843381,1089.5124459153722,370.87226218057145,708.3861661775785,1.0,-130.7100830692748,-18.210395328191673,26.305457758215084,3.6648495190096524,495.70347449880796,-71.37221714354143,-9.943504426851252,75.73161381008747,70.05013335177958
90,2.992,620.8659329271595,649.5073409500264,657.2700163437319,862.9838284376308,376.83989745276403,842.7896640124909,562.3183187276887,1089.5123736333321,371.07402771468685,708.3405771561518,1.0,-132.6790473094502,-18.484709415970684,25.743755713908513,3.586593763651782,495.9699803209232,-71.10571132142621,-9.906375107796265,76.20362032996059,65.51820684655947
91,3.025244444444444,621.4409891062737,649.9810464607758,658.3512172758145,863.7719587101793,374.7068235086971,843.0122279272413,562.7966961882441,1089.487342647326,371.6936046308248,708.2788161987118,1.0,-134.81212125351715,-18.78188710015238,25.270050203159144,3.5205975955113553,496.56729686854925,-70.50839477380015,-9.823157576195612,76.01867807724162,66.09844035701428
92,3.058488888888889,622.1589190134825,651.6877721732109,655.8754794739101,867.8818019934617,372.40142550826874,843.1425231272469,563.6673083046493,1089.8910044886688,372.74435206439006,708.2608458265914,1.0,-137.1175192539455,-19.103072795936633,23.563324490724085,3.282818311691607,497.45163553893633,-69.62405610341307,-9.69995241547958,76.14816934855858,40.74319511272421
93,3.091733333333333,622.6402336750925,653.5802943560095,652.017932369685,873.6196325827382,371.73152418026905,843.162772280278,564.5599241496049,1091.2299012614058,373.78345488886146,708.2074246383606,1.0,-137.78742058194518,-19.19640276503542,21.67080230792544,3.019154053304821,498.211844281977,-68.8638473603724,-9.594040909514264,76.19372954108576,32.74601192562107
94,3.1249777777777776,622.7209540676288,654.0296413435517,650.785797036558,875.6963462592605,370.65800048272996,843.770632188199,565.233821679156,1092.6258148266302,374.3550279976336,708.1811542643185,1.0,-138.86094427948427,-19.345964990590797,21.221455320383257,2.956551489749426,498.5379910326312,-68.53770060971817,-9.54860247718406,76.28241679175348,74.40656220716816
95,3.1582222222222223,622.7044863222491,653.8903215735788,649.4478083275076,874.8986930416393,366.8658711142543,844.0246965534324,565.74451513212,1092.9250104349512,374.49306014816705,708.1630581831134,1.0,-142.65307364795996,-19.87428058273214,21.360775090356128,2.9759613778671934,498.59877323520806,-68.47691840714134,-9.540134362775046,76.86519476435676,99.31976930902714
96,3.1914666666666665,622.7261651453686,654.2537832958488,646.4812380112219,874.4635742864473,363.7436623737263,843.0737539858386,565.6984625700021,1092.8089089025507,374.47451117403017,707.8649824003189,1.0,-145.77528238848794,-20.309263516925643,20.99731336808611,2.9253242617872157,498.6003381596994,-68.47535348265001,-9.539916339092581,77.50794799628939,95.62883556959284
97,3.224711111111111,622.6701918695705,654.4536470232872,643.4478994435763,873.7659777193002,360.98418186097376,842.1260092723497,565.2145920476804,1092.9954903733244,374.49350555448933,707.4069954883504,1.0,-148.53476290124047,-20.693711524743314,20.797449640647756,2.897479451326117,498.5818487120299,-68.49384293031949,-9.542492270065578,78.19663361042011,152.86102692043926
98,3.2579555555555553,622.5957775964341,654.1933120447857,640.2675936857663,874.4762038617322,353.8641894000638,841.792305552158,565.0298722929003,1092.835235580078,374.50403033964614,707.1869123273801,1.0,-155.6547553621504,-21.685661605428344,21.057784619149288,2.933749054748805,498.5499039680401,-68.5257876743093,-9.546942779185093,78.90302854602201,224.2551365643547
99,3.2912,622.6241374791915,654.4037267073459,636.8937013098474,879.1696357579442,345.8577603100463,841.617511667833,565.1513903875613,1092.6127818154039,374.40684482575585,707.0598482877613,1.0,-163.66118445216796,-22.8011091322965,20.84736995658909,2.9044342987782312,498.5154911524737,-68.56020048987568,-9.551737137516943,79.01517118065487,190.6843606588772
100,3.324444444444444,622.5950445775708,654.499225709443,634.3897867377076,882.0479022392923,341.1340096358052,840.7246767762759,565.1704017290674,1092.7960741588372,374.25046133276044,706.7014434038446,1.0,-168.384935126409,-23.459217253642816,20.751870954492006,2.8911294753032584,498.4227529551656,-68.65293868718379,-9.564657328487288,79.01194308310102,179.86337389209535
101,3.3576888888888887,622.160338883823,653.7085419008697,632.9383263615259,880.6392867615658,334.32919205142804,838.5915895253154,565.1197550984734,1092.0886606007284,374.1082595363149,705.774657936495,1.0,-175.1897527107862,-24.4072574922988,21.542554763065255,3.0012867362858557,498.13429921006895,-68.94139243228045,-9.604844409764894,79.26557729608204,303.19893097479485
102,3.3909333333333334,621.5223820206322,654.7430309893796,630.5342851048773,885.7174817482202,322.0748265342635,836.8105569029096,565.0936953009152,1090.640210408191,374.1531594608084,703.9777490255019,1.0,-187.44411822795075,-26.114523185378165,20.508065674555382,2.857162772609073,497.8377707407203,-69.23792090162908,-9.646156453381607,78.75625433913044,379.55128882766394
103,3.4241777777777775,621.4554110133128,658.5255983758437,625.4518696263732,897.7257395122451,307.99952984780634,837.0476667494477,565.0565297736202,1090.4751010210068,374.28257507721537,701.9200496181672,1.0,-201.5194149144079,-28.07547914993161,16.725498288091217,2.3301793460395204,497.86899304526406,-69.20669859708534,-9.641806593788163,78.22177871894124,377.4043059280818
104,3.457422222222222,621.8563254361757,660.8587712051586,620.9792863483559,902.3829610718739,297.31149524147014,841.6842833462639,565.0933778920474,1091.3847020204284,373.94527835772533,700.3412603087073,1.0,-212.2074495207441,-29.56452521961869,14.392325458776327,2.005124089450773,497.9008018969505,-69.1748897453989,-9.637375017045619,79.5865247277543,377.9759691947334
105,3.4906666666666664,621.9741590734151,660.8571251400999,620.0551364802815,900.4207654318733,293.470314781767,853.3578636410437,565.2166986074994,1092.09474528104,373.5044861968561,699.1149813860128,1.0,-216.04862998044723,-30.099674559712422,14.393971523835035,2.0053534175542453,497.7393226351356,-69.33636900721382,-9.65987214294367,82.25873239910533,263.1417200229938
106,3.523911111111111,622.4934858046033,661.7483375819731,619.3723062599142,902.3625246906496,293.2704371475498,864.8459154440366,565.4678772225196,1092.6917574630518,373.81823236857633,698.208910506411,1.0,-216.24850761466445,-30.127521307651755,13.502759081961813,1.8811906100123585,498.1558590865898,-68.91983255575957,-9.601840709778992,84.18040390709388,199.21280792658467
107,3.557155555555555,624.3749094599651,662.9558563897629,617.6173150667441,905.7136372825855,294.68454488701025,861.5051061133757,566.2902439225107,1093.0521225741659,374.50566685695276,697.7311007712813,1.0,-214.83439987520399,-29.930509261086208,12.295240274172102,1.7129603224956471,499.44028815845894,-67.63540348389046,-9.42289536279025,83.79935198111151,354.54397902348677
108,3.5904,626.5220925797868,663.0667393397118,617.5272695447413,907.0087667441189,300.26238393871307,843.1865552679349,567.7311209679204,1093.0437048644976,375.40166070337824,697.4450908651978,1.0,-209.25656082350116,-29.15341041895097,12.184357324223129,1.697512223111786,500.96187664158253,-66.11381500076686,-9.210909208747191,80.73766400347961,359.77582349645616
109,3.6236444444444444,627.8175742624417,664.3608513371051,618.1930136735391,909.9057951025909,301.80151192529456,831.544967910374,568.9433534509451,1093.2409929188025,376.9739518655065,697.2323726422868,1.0,-207.71743283691967,-28.938980679192653,10.890245326829813,1.5172178608245386,502.3957630639741,-64.67992857837532,-9.011141616268214,78.33410548401936,249.35253768290295
110,3.6568888888888886,628.7943655933421,667.1008982574324,617.8600689195339,913.2753914974911,292.7491447397491,841.2455410823379,569.5179864295047,1093.4858585259503,378.42238488445616,697.0438678326279,1.0,-216.76980002246512,-30.20014723370678,8.150198406502568,1.1354773212633462,503.60837523889916,-63.46731640345024,-8.84220172604214,80.05087101631035,360.897855879038
111,3.6901333333333333,629.6970332158947,668.5087559844175,617.879742429072,913.9421810750754,285.4758929048516,857.4312362478088,569.9633261457916,1093.3495441963785,379.35543850185815,696.7356569459864,1.0,-224.04305185736263,-31.213449253909634,6.742340679517497,0.9393360200550848,504.5262358588765,-62.54945578347292,-8.714326321532546,83.10815716912822,363.97428627238156
112,3.7233777777777775,630.2352111370628,668.6357033186327,618.3930752871934,913.9874261936104,286.1418280757865,864.1604888176157,570.7203584223095,1093.3939175435196,380.8614650670195,696.0933340220556,1.0,-223.3771166864277,-31.12067184576397,6.615393345302209,0.9216498470557511,505.54833810204116,-61.52735354030824,-8.571928080503232,84.23433856807173,151.54798108233445
113,3.756622222222222,630.6216561629817,669.209434827347,618.2609817167904,914.6267638780581,286.4296783178098,863.4604302935372,571.901933096225,1094.1703803097246,382.8117855245762,695.0541698718642,1.0,-223.08926644440442,-31.080568843918414,6.041661836587991,0.8417181589977725,506.71672084377894,-60.358970798570454,-8.409150189753937,84.1176993466131,124.25820596647395
114,3.7898666666666663,630.90140333935,669.9293045745294,618.2684665807478,913.387527229999,285.9959685778117,855.1829484155215,573.1808966014488,1095.2533827215618,384.0253404201853,694.194792148592,1.0,-223.52297618440252,-31.140992842110403,5.321792089405562,0.7414266407523916,507.4633718797677,-59.612319762581706,-8.305127529693713,83.0346240789353,197.69708973523
115,3.823111111111111,630.9255070840346,670.3479783557656,619.388370169697,910.3100133230528,287.5660309220241,846.1376668325972,573.6756511867173,1095.977917989977,384.2535081340827,693.8599666866622,1.0,-221.95291384019015,-30.92225335922857,4.9031183081693825,0.6830974369845466,507.58950760905867,-59.486184033290726,-8.287554428663848,81.80708572542905,159.77131125343806
116,3.8563555555555555,630.9336618942053,670.6755353662118,620.6568874766791,908.4878043540095,286.5403815883577,853.3192415252662,573.2055313788087,1096.3025226015513,383.5985388108095,693.5460525890198,1.0,-222.97856317385651,-31.06514577728527,4.575561297723198,0.6374625286998943,507.2661003525074,-59.80959128984199,-8.33261119747244,83.09847720399557,119.87641247395825
117,3.8895999999999997,631.0120442946793,670.4250290490171,621.3803486154969,908.4448094524497,283.88002200265,865.581700084857,572.8333686273427,1096.5125139616782,382.20211165701267,693.195889775716,1.0,-225.63892275956425,-31.435784358741962,4.826067614917861,0.6723628130636223,506.607077975846,-60.468613666503416,-8.424425522177357,85.07935173513623,187.4569104563121
118,3.9228444444444444,630.9629690858525,669.627581308552,622.6300852926187,908.1192163262236,285.60346096338264,857.8916310340961,572.5345146495081,1096.6224632621418,380.83049915859226,693.0592061992509,1.0,-223.9154837988316,-31.195676602232343,5.623515355383006,0.7834624181319404,505.89673412222237,-61.17895752012703,-8.523389902657334,83.52460879540578,334.0438610242118
119,3.9560888888888885,630.8530797712206,668.9966790273216,623.6873458501932,907.0019821125034,287.86572192321125,840.2402486363067,570.7690730372015,1096.5710349307194,380.0547369046268,692.5409854419925,1.0,-221.65322283900298,-30.880500714904816,6.2544176366133115,0.8713590798498647,505.4539083379237,-61.62178330442572,-8.585083938834497,80.48063765637842,313.410277112982
120,3.989333333333333,630.7153398361679,668.2453428921059,622.9018892679262,906.1035391711541,286.9168591183608,835.338962068322,568.190248547577,1096.3900866795686,379.1461555231703,691.3665305814045,1.0,-222.60208564385346,-31.012695312160073,7.005753771829063,0.9760344631512673,504.93074767966914,-62.14494396268026,-8.657970147635412,79.98774224936258,100.07454244519394
121,4.022577777777777,630.3391488971456,667.0024355301096,623.2535585194714,905.475244548282,288.47658394099744,836.9324806698019,567.2140759417176,1096.056339588789,376.89086375182376,690.3184973546622,1.0,-221.0423608212168,-30.795396042230347,8.248661133825408,1.1491950479110338,503.6150063244847,-63.460685317864716,-8.841277889968197,80.13097642038146,35.770321869927244
122,4.055822222222222,629.996865736015,666.0592528295954,624.492902553758,904.9982309418862,286.63929178806046,836.1916846605304,567.5483564075452,1095.948777609077,373.88037630984655,689.8323667328069,1.0,-222.87965297415377,-31.05136570924245,9.19184383433958,1.2805982988291098,501.93862102293076,-65.13707061941864,-9.07483017871923,79.80826619878997,140.4644042276749
123,4.089066666666667,629.8562868735156,665.8439887397369,618.7854445606782,905.4070851907625,277.63212072221415,843.1777307010026,567.4270349201292,1096.4213190231785,372.10583922504384,689.6252925476701,1.0,-231.88682404000008,-32.306235586501884,9.407107924198044,1.3105886720599833,500.9810630492797,-66.09462859306967,-9.208236178014676,82.30830871968084,296.4851682643755
124,4.122311111111111,628.9033189115728,665.3804976148119,608.9817315537348,904.7571041156973,285.65882208142926,852.5648225959934,566.8480205969244,1096.5804874560279,371.4705652700325,689.334944264003,1.0,-223.86012268078497,-31.187963747785563,9.87059904912303,1.375161782395465,500.18694209080263,-66.88874955154677,-9.31887229921281,85.58750413703916,495.59918670036416
125,4.155555555555555,626.9974633473935,664.106247048878,606.5074337463885,900.2841533063901,311.6776478449989,848.7524553168953,566.3275657705937,1095.9656465459514,370.36877145262963,688.9435085178345,1.0,-197.84129691721535,-27.563047505640526,11.144849615056955,1.5526890703287959,498.68311740001155,-68.39257424233784,-9.528383619843579,85.04411210552477,470.5967505064646
126,4.1888,625.7752789180863,663.0919952984087,608.2149448095751,895.6963937092082,320.3580181324097,841.3302263966569,566.1960562033174,1095.7877609117625,369.3467966329518,688.8390801943034,1.0,-189.16092662980452,-26.35370717919407,12.159101365526226,1.69399358873054,497.561037775519,-69.51465386683037,-9.684710607570212,83.62211961956456,216.01148995716613
127,4.222044444444444,624.9706915235759,662.9747300356559,606.642897815992,894.6120447869104,311.3112434414903,841.8730164083593,567.0224980794792,1095.7687125125335,369.1948939436263,688.6941547896832,1.0,-198.2077013207239,-27.614094593066405,12.276366628279106,1.710330865418387,497.0827927336011,-69.99289890874832,-9.75133921855853,84.39907427886762,110.28019498076023
128,4.255288888888889,622.7903489756038,662.7701348314724,605.8722282135836,893.0880461441718,307.84383392093423,842.9132064927005,568.2517746776766,1094.4388116810717,368.2143531000407,687.79066485679,1.0,-201.67511084128,-28.097170547509773,12.480961832462526,1.7388348603891313,495.5023510378222,-71.57334060452717,-9.97152474210408,84.64467912239392,135.79079565184378
129,4.2885333333333335,620.3051244084284,661.9870729850328,607.2788114828177,889.6827046816222,305.74238975108244,841.2049992167376,568.7369334053005,1092.9616221123072,365.81411334955783,686.5093025880678,1.0,-203.7765550111318,-28.389941603839397,13.264023678902163,1.8479302373887156,493.0596188789931,-74.0160727633563,-10.311843692629036,84.1410519550536,118.14349065814275
130,4.321777777777777,619.0639021110303,661.4726518582012,606.0437870166257,887.8231610571698,299.6733373761492,841.0901252839225,568.6636145918524,1092.4265911957973,364.0259764536438,684.8864708922262,1.0,-209.845607386065,-29.235475784675778,13.778444805733784,1.9195988635941845,491.54493928233705,-75.53075236001234,-10.52286730766288,84.61922432619815,117.10404106132685
131,4.355022222222222,617.7609699945216,661.507684518426,602.084414685625,886.7528567537912,296.40073922683365,841.6953010335897,568.5917002558664,1091.2083843362802,363.5919556055676,682.5515681484826,1.0,-213.11820553538058,-29.691410817765462,13.743412145508955,1.914718149137334,490.6764628000446,-76.39922884230481,-10.643862564527655,85.59625762300779,118.64672495692702
132,4.3882666666666665,616.0252112458942,661.2702176493042,597.7265389682755,884.4761637188205,293.75136606252977,841.027517855471,568.4948657923328,1089.142269253813,363.3632176133233,680.7931783488142,1.0,-215.76757869968446,-30.060518782208465,13.980879014630773,1.9478017909078345,489.69421442960873,-77.38147721274066,-10.780708404696153,86.55222545352778,96.6530845552283
133,4.421511111111111,615.3893557098681,661.0375207003358,594.2684898802602,883.2536526017593,289.37220585299485,840.1208221331315,568.4400891795274,1087.4277009980954,362.82185373938376,680.2963041918148,1.0,-220.14673890921938,-30.67061891181249,14.213575963599169,1.9802208922722848,489.10560472462595,-77.97008691772345,-10.862712907868765,87.377409597321,116.45433785368196
134,4.454755555555555,615.6310642152349,662.441279358189,591.8896087195535,885.808084076725,285.6855919496835,838.9136683914851,567.9931612297289,1085.4322077999454,362.3811765394824,679.9500034783391,1.0,-223.83335281253073,-31.184234197070374,12.809817305745923,1.7846506691906325,489.0061203773587,-78.06957126499071,-10.876572965564115,87.36007702256767,159.98402246246928
135,4.4879999999999995,615.6416220317257,665.2029954320757,588.9413083044396,890.2835180927943,280.68590098335903,836.2167922856014,566.6500093388464,1083.4181722002197,362.49892809650817,679.518552370967,1.0,-228.8330437788552,-31.880786038195776,10.048101231859278,1.3998912052780965,489.0702750641169,-78.00541657823248,-10.867635000101997,86.81687999917904,178.43837808576737
136,4.521244444444444,615.5922894379581,667.1866285718089,586.2347636852973,892.3416830462082,274.29053364960765,833.7401327736061,565.5099183682325,1082.8919872686627,363.2556394499821,678.86039717678,1.0,-235.22841111260658,-32.77178208595203,8.064468092126049,1.123533461388518,489.42396444397014,-77.65172719837926,-10.818359356790712,86.78924648711326,158.13745358358798
137,4.554488888888889,615.6896846825862,667.8790899937408,585.1534391199376,892.573218990312,270.2679702652457,833.8235830782792,565.2201808958869,1083.1022700034925,364.4451097174384,677.507595125011,1.0,-239.25097449696852,-33.3322015099311,7.372006670194196,1.027060443035239,490.0673972000123,-77.0082944423371,-10.728716962114659,87.17073652850614,103.46668949613735
138,4.587733333333333,615.6921427471348,668.4786824984228,583.1380203638325,893.3841192913424,268.10903049630275,835.0044736054184,564.2963244751605,1082.911252243705,365.6133663939328,676.568543960282,1.0,-241.40991426591148,-33.63298279442749,6.772414165512146,0.9435258274211251,490.6527545705338,-76.42293707181562,-10.64716557085881,87.73744670313631,66.5055696167711
139,4.620977777777777,615.7274195190046,670.1879545898053,579.958550190408,892.8857784056304,265.66678051919644,834.9685085572634,562.3704855704422,1082.8149449846394,366.3817294886999,676.611356667268,1.0,-243.8521642430178,-33.9732345678871,5.063142074129701,0.7053917846860853,491.0545745038522,-76.02111713849717,-10.591184427976371,88.68344416884635,79.41409455028378
140,4.654222222222222,615.923376539215,672.9783855883001,577.5562903598848,893.2141143430088,262.88840186115056,833.7331477629026,560.967443816398,1082.9220527083753,367.5412841682791,676.6335501047386,1.0,-246.63054290106368,-34.36031544601347,2.272711075634902,0.316631786792888,491.7323303537471,-75.3433612886023,-10.496760174906015,89.17808224063697,112.96213075488109
141,4.6874666666666664,616.1184283252921,674.962300087539,574.1100154413768,899.2379973722688,258.88046820940525,832.5435760276233,560.4099713696733,1082.937360258921,369.848492796239,676.4993971579762,1.0,-250.63847655280898,-34.91869667058023,0.2887965763959528,0.04023484418421912,492.9834605607656,-74.0922310815838,-10.322453991772662,88.66283955944748,142.6409101596001
142,4.720711111111111,616.3818933729295,675.076964405568,570.0544750535083,905.1722975020805,253.393752194577,832.434738120771,560.1293314637763,1082.9459666598727,372.11200512606837,676.2195367428632,1.0,-256.1251925676372,-35.68310034424777,0.1741322583669671,0.024259928459938948,494.2469492494989,-72.82874239285047,-10.146426037583861,88.44720261203506,171.62413359578557
143,4.753955555555556,616.8780746267823,674.6760359676905,568.9858064312407,904.986415387588,247.32087462017503,831.8332112867965,560.2034114462192,1082.83875377051,373.33168765486766,675.3386700593965,1.0,-262.1980701420392,-36.5291674479689,0.5750606962444635,0.08011686910769349,495.104881140825,-71.9708105015244,-10.026899842367301,88.9347352314725,236.26218727959582
144,4.7871999999999995,617.3859021237114,674.669109588519,569.2175294264177,905.5776485250626,238.21361315308206,829.1901996088603,560.3197071275365,1082.8661181929374,374.1570838341747,674.5405520441707,1.0,-271.30533160913217,-37.79798181774535,0.5819870754160092,0.08108184518256868,495.77149297894306,-71.30419866340634,-9.934028161640507,88.78819999355869,360.7503909954328
145,4.820444444444444,617.6421653996838,674.5557999644803,567.1545844210971,910.1715048174723,223.6328977252257,828.4099263986113,560.1643232532211,1083.5427446200347,374.7886146702329,674.4778082525237,1.0,-285.88604703698854,-39.82935220535658,0.6952966994546159,0.09686802632314843,496.2153900349583,-70.86030160739108,-9.87218487698148,88.70653563672681,447.2680127669409
146,4.853688888888889,617.6924514028904,674.3588248442705,563.8743476657154,910.5406164954654,208.40936325501497,831.4695400497907,560.6176235500284,1084.5490487373274,374.86515035923514,674.7897133908688,1.0,-301.10958150719927,-41.950279485679424,0.8922718196644155,0.1243103989742121,496.27880088106275,-70.79689076128665,-9.863350542639845,90.29573470812238,365.1679156212258
147,4.886933333333333,617.6662163487949,674.6325255897921,561.7225021689744,904.9495044681669,199.69716136711014,833.0355656291705,562.1365964449037,1085.4996947688587,374.766030313996,675.4575007894397,1.0,-309.8217833951041,-43.16405455820907,0.618571074142892,0.0861786905357272,496.21612333139547,-70.85956831095393,-9.872082714870496,92.41749791101837,170.4853983087666
148,4.920177777777777,617.7205156218038,675.1928603601825,561.1196544703186,900.8209346891153,197.34323616908017,832.3615036271804,563.7577874786666,1086.736745646637,374.8496923140488,676.3938789639035,1.0,-312.17570859313406,-43.492001013620616,0.05823630375243738,0.008113422383967742,496.28510396792626,-70.79058767442314,-9.86247240301299,93.42466806415368,45.55059716019889
149,4.953422222222222,617.959065339179,675.5659277515955,561.478395588985,900.9210455121147,196.69780109191586,833.9133514784479,564.8185298477995,1088.4228748469218,374.9569412619902,677.085533495545,1.0,-312.8211436702984,-43.581922369631194,-0.31483108766053647,-0.04386194571435174,496.4580033005846,-70.61768834176479,-9.838384244504054,93.66138974527323,45.366691159956126
